Copyright 1986-2020 Xilinx, Inc. All Rights Reserved.
--------------------------------------------------------------------------------------------------------------------------------------------------------------------------------------------------
| Tool Version : Vivado v.2020.2 (win64) Build 3064766 Wed Nov 18 09:12:45 MST 2020
| Date         : Sat May 24 16:33:12 2025
| Host         : DESKTOP-7CFQ9ND running 64-bit major release  (build 9200)
| Command      : report_timing_summary -max_paths 10 -file SPI_Slave_timing_summary_routed.rpt -pb SPI_Slave_timing_summary_routed.pb -rpx SPI_Slave_timing_summary_routed.rpx -warn_on_violation
| Design       : SPI_Slave
| Device       : 7a35t-cpg236
| Speed File   : -1  PRODUCTION 1.23 2018-06-13
--------------------------------------------------------------------------------------------------------------------------------------------------------------------------------------------------

Timing Summary Report

------------------------------------------------------------------------------------------------
| Timer Settings
| --------------
------------------------------------------------------------------------------------------------

  Enable Multi Corner Analysis               :  Yes
  Enable Pessimism Removal                   :  Yes
  Pessimism Removal Resolution               :  Nearest Common Node
  Enable Input Delay Default Clock           :  No
  Enable Preset / Clear Arcs                 :  No
  Disable Flight Delays                      :  No
  Ignore I/O Paths                           :  No
  Timing Early Launch at Borrowing Latches   :  No
  Borrow Time for Max Delay Exceptions       :  Yes
  Merge Timing Exceptions                    :  Yes

  Corner  Analyze    Analyze    
  Name    Max Paths  Min Paths  
  ------  ---------  ---------  
  Slow    Yes        Yes        
  Fast    Yes        Yes        



check_timing report

Table of Contents
-----------------
1. checking no_clock (160)
2. checking constant_clock (0)
3. checking pulse_width_clock (0)
4. checking unconstrained_internal_endpoints (32)
5. checking no_input_delay (4)
6. checking no_output_delay (13)
7. checking multiple_clock (0)
8. checking generated_clocks (0)
9. checking loops (0)
10. checking partial_input_delay (0)
11. checking partial_output_delay (0)
12. checking latch_loops (0)

1. checking no_clock (160)
--------------------------
 There are 32 register/latch pins with no clock driven by root clock pin: SS (HIGH)

 There are 32 register/latch pins with no clock driven by root clock pin: U_SPI_Slave_Intf/si_done_reg_reg/Q (HIGH)

 There are 32 register/latch pins with no clock driven by root clock pin: U_SPI_Slave_Reg/FSM_onehot_state_reg[2]/Q (HIGH)

 There are 32 register/latch pins with no clock driven by root clock pin: U_SPI_Slave_Reg/addr_reg_reg[0]/Q (HIGH)

 There are 32 register/latch pins with no clock driven by root clock pin: U_SPI_Slave_Reg/addr_reg_reg[1]/Q (HIGH)


2. checking constant_clock (0)
------------------------------
 There are 0 register/latch pins with constant_clock.


3. checking pulse_width_clock (0)
---------------------------------
 There are 0 register/latch pins which need pulse_width check


4. checking unconstrained_internal_endpoints (32)
-------------------------------------------------
 There are 32 pins that are not constrained for maximum delay. (HIGH)

 There are 0 pins that are not constrained for maximum delay due to constant clock.


5. checking no_input_delay (4)
------------------------------
 There are 4 input ports with no input delay specified. (HIGH)

 There are 0 input ports with no input delay but user has a false path constraint.


6. checking no_output_delay (13)
--------------------------------
 There are 13 ports with no output delay specified. (HIGH)

 There are 0 ports with no output delay but user has a false path constraint

 There are 0 ports with no output delay but with a timing clock defined on it or propagating through it


7. checking multiple_clock (0)
------------------------------
 There are 0 register/latch pins with multiple clocks.


8. checking generated_clocks (0)
--------------------------------
 There are 0 generated clocks that are not connected to a clock source.


9. checking loops (0)
---------------------
 There are 0 combinational loops in the design.


10. checking partial_input_delay (0)
------------------------------------
 There are 0 input ports with partial input delay specified.


11. checking partial_output_delay (0)
-------------------------------------
 There are 0 ports with partial output delay specified.


12. checking latch_loops (0)
----------------------------
 There are 0 combinational latch loops in the design through latch input



------------------------------------------------------------------------------------------------
| Design Timing Summary
| ---------------------
------------------------------------------------------------------------------------------------

    WNS(ns)      TNS(ns)  TNS Failing Endpoints  TNS Total Endpoints      WHS(ns)      THS(ns)  THS Failing Endpoints  THS Total Endpoints     WPWS(ns)     TPWS(ns)  TPWS Failing Endpoints  TPWS Total Endpoints  
    -------      -------  ---------------------  -------------------      -------      -------  ---------------------  -------------------     --------     --------  ----------------------  --------------------  
      6.195        0.000                      0                   90        0.169        0.000                      0                   90        4.500        0.000                       0                    63  


All user specified timing constraints are met.


------------------------------------------------------------------------------------------------
| Clock Summary
| -------------
------------------------------------------------------------------------------------------------

Clock        Waveform(ns)       Period(ns)      Frequency(MHz)
-----        ------------       ----------      --------------
sys_clk_pin  {0.000 5.000}      10.000          100.000         


------------------------------------------------------------------------------------------------
| Intra Clock Table
| -----------------
------------------------------------------------------------------------------------------------

Clock             WNS(ns)      TNS(ns)  TNS Failing Endpoints  TNS Total Endpoints      WHS(ns)      THS(ns)  THS Failing Endpoints  THS Total Endpoints     WPWS(ns)     TPWS(ns)  TPWS Failing Endpoints  TPWS Total Endpoints  
-----             -------      -------  ---------------------  -------------------      -------      -------  ---------------------  -------------------     --------     --------  ----------------------  --------------------  
sys_clk_pin         6.195        0.000                      0                   90        0.169        0.000                      0                   90        4.500        0.000                       0                    63  


------------------------------------------------------------------------------------------------
| Inter Clock Table
| -----------------
------------------------------------------------------------------------------------------------

From Clock    To Clock          WNS(ns)      TNS(ns)  TNS Failing Endpoints  TNS Total Endpoints      WHS(ns)      THS(ns)  THS Failing Endpoints  THS Total Endpoints  
----------    --------          -------      -------  ---------------------  -------------------      -------      -------  ---------------------  -------------------  


------------------------------------------------------------------------------------------------
| Other Path Groups Table
| -----------------------
------------------------------------------------------------------------------------------------

Path Group    From Clock    To Clock          WNS(ns)      TNS(ns)  TNS Failing Endpoints  TNS Total Endpoints      WHS(ns)      THS(ns)  THS Failing Endpoints  THS Total Endpoints  
----------    ----------    --------          -------      -------  ---------------------  -------------------      -------      -------  ---------------------  -------------------  


------------------------------------------------------------------------------------------------
| Timing Details
| --------------
------------------------------------------------------------------------------------------------


---------------------------------------------------------------------------------------------------
From Clock:  sys_clk_pin
  To Clock:  sys_clk_pin

Setup :            0  Failing Endpoints,  Worst Slack        6.195ns,  Total Violation        0.000ns
Hold  :            0  Failing Endpoints,  Worst Slack        0.169ns,  Total Violation        0.000ns
PW    :            0  Failing Endpoints,  Worst Slack        4.500ns,  Total Violation        0.000ns
---------------------------------------------------------------------------------------------------


Max Delay Paths
--------------------------------------------------------------------------------------
Slack (MET) :             6.195ns  (required time - arrival time)
  Source:                 U_SPI_Slave_Reg/clk_counter_reg_reg[1]/C
                            (rising edge-triggered cell FDCE clocked by sys_clk_pin  {rise@0.000ns fall@5.000ns period=10.000ns})
  Destination:            U_SPI_Slave_Reg/FSM_onehot_state_reg[0]/CE
                            (rising edge-triggered cell FDPE clocked by sys_clk_pin  {rise@0.000ns fall@5.000ns period=10.000ns})
  Path Group:             sys_clk_pin
  Path Type:              Setup (Max at Slow Process Corner)
  Requirement:            10.000ns  (sys_clk_pin rise@10.000ns - sys_clk_pin rise@0.000ns)
  Data Path Delay:        3.540ns  (logic 1.058ns (29.888%)  route 2.482ns (70.112%))
  Logic Levels:           3  (LUT2=1 LUT6=2)
  Clock Path Skew:        -0.025ns (DCD - SCD + CPR)
    Destination Clock Delay (DCD):    4.849ns = ( 14.849 - 10.000 ) 
    Source Clock Delay      (SCD):    5.146ns
    Clock Pessimism Removal (CPR):    0.272ns
  Clock Uncertainty:      0.035ns  ((TSJ^2 + TIJ^2)^1/2 + DJ) / 2 + PE
    Total System Jitter     (TSJ):    0.071ns
    Total Input Jitter      (TIJ):    0.000ns
    Discrete Jitter          (DJ):    0.000ns
    Phase Error              (PE):    0.000ns

    Location             Delay type                Incr(ns)  Path(ns)    Netlist Resource(s)
  -------------------------------------------------------------------    -------------------
                         (clock sys_clk_pin rise edge)
                                                      0.000     0.000 r  
    W5                                                0.000     0.000 r  clk (IN)
                         net (fo=0)                   0.000     0.000    clk
    W5                   IBUF (Prop_ibuf_I_O)         1.458     1.458 r  clk_IBUF_inst/O
                         net (fo=1, routed)           1.967     3.425    clk_IBUF
    BUFGCTRL_X0Y0        BUFG (Prop_bufg_I_O)         0.096     3.521 r  clk_IBUF_BUFG_inst/O
                         net (fo=62, routed)          1.625     5.146    U_SPI_Slave_Reg/CLK
    SLICE_X58Y55         FDCE                                         r  U_SPI_Slave_Reg/clk_counter_reg_reg[1]/C
  -------------------------------------------------------------------    -------------------
    SLICE_X58Y55         FDCE (Prop_fdce_C_Q)         0.456     5.602 f  U_SPI_Slave_Reg/clk_counter_reg_reg[1]/Q
                         net (fo=6, routed)           0.893     6.495    U_SPI_Slave_Reg/clk_counter_reg[1]
    SLICE_X58Y55         LUT2 (Prop_lut2_I0_O)        0.152     6.647 f  U_SPI_Slave_Reg/FSM_onehot_state[4]_i_4/O
                         net (fo=1, routed)           0.652     7.299    U_SPI_Slave_Reg/FSM_onehot_state[4]_i_4_n_0
    SLICE_X59Y55         LUT6 (Prop_lut6_I0_O)        0.326     7.625 r  U_SPI_Slave_Reg/FSM_onehot_state[4]_i_3/O
                         net (fo=1, routed)           0.558     8.183    U_SPI_Slave_Reg/FSM_onehot_state[4]_i_3_n_0
    SLICE_X60Y56         LUT6 (Prop_lut6_I3_O)        0.124     8.307 r  U_SPI_Slave_Reg/FSM_onehot_state[4]_i_1/O
                         net (fo=5, routed)           0.379     8.686    U_SPI_Slave_Reg/FSM_onehot_state[4]_i_1_n_0
    SLICE_X61Y56         FDPE                                         r  U_SPI_Slave_Reg/FSM_onehot_state_reg[0]/CE
  -------------------------------------------------------------------    -------------------

                         (clock sys_clk_pin rise edge)
                                                     10.000    10.000 r  
    W5                                                0.000    10.000 r  clk (IN)
                         net (fo=0)                   0.000    10.000    clk
    W5                   IBUF (Prop_ibuf_I_O)         1.388    11.388 r  clk_IBUF_inst/O
                         net (fo=1, routed)           1.862    13.250    clk_IBUF
    BUFGCTRL_X0Y0        BUFG (Prop_bufg_I_O)         0.091    13.341 r  clk_IBUF_BUFG_inst/O
                         net (fo=62, routed)          1.508    14.849    U_SPI_Slave_Reg/CLK
    SLICE_X61Y56         FDPE                                         r  U_SPI_Slave_Reg/FSM_onehot_state_reg[0]/C
                         clock pessimism              0.272    15.121    
                         clock uncertainty           -0.035    15.086    
    SLICE_X61Y56         FDPE (Setup_fdpe_C_CE)      -0.205    14.881    U_SPI_Slave_Reg/FSM_onehot_state_reg[0]
  -------------------------------------------------------------------
                         required time                         14.881    
                         arrival time                          -8.686    
  -------------------------------------------------------------------
                         slack                                  6.195    

Slack (MET) :             6.410ns  (required time - arrival time)
  Source:                 U_fnd_ctrl/U_clk_div_1khz/div_counter_reg[1]/C
                            (rising edge-triggered cell FDCE clocked by sys_clk_pin  {rise@0.000ns fall@5.000ns period=10.000ns})
  Destination:            U_fnd_ctrl/U_clk_div_1khz/div_counter_reg[16]/D
                            (rising edge-triggered cell FDCE clocked by sys_clk_pin  {rise@0.000ns fall@5.000ns period=10.000ns})
  Path Group:             sys_clk_pin
  Path Type:              Setup (Max at Slow Process Corner)
  Requirement:            10.000ns  (sys_clk_pin rise@10.000ns - sys_clk_pin rise@0.000ns)
  Data Path Delay:        3.558ns  (logic 1.949ns (54.775%)  route 1.609ns (45.225%))
  Logic Levels:           5  (CARRY4=4 LUT5=1)
  Clock Path Skew:        -0.025ns (DCD - SCD + CPR)
    Destination Clock Delay (DCD):    4.850ns = ( 14.850 - 10.000 ) 
    Source Clock Delay      (SCD):    5.147ns
    Clock Pessimism Removal (CPR):    0.272ns
  Clock Uncertainty:      0.035ns  ((TSJ^2 + TIJ^2)^1/2 + DJ) / 2 + PE
    Total System Jitter     (TSJ):    0.071ns
    Total Input Jitter      (TIJ):    0.000ns
    Discrete Jitter          (DJ):    0.000ns
    Phase Error              (PE):    0.000ns

    Location             Delay type                Incr(ns)  Path(ns)    Netlist Resource(s)
  -------------------------------------------------------------------    -------------------
                         (clock sys_clk_pin rise edge)
                                                      0.000     0.000 r  
    W5                                                0.000     0.000 r  clk (IN)
                         net (fo=0)                   0.000     0.000    clk
    W5                   IBUF (Prop_ibuf_I_O)         1.458     1.458 r  clk_IBUF_inst/O
                         net (fo=1, routed)           1.967     3.425    clk_IBUF
    BUFGCTRL_X0Y0        BUFG (Prop_bufg_I_O)         0.096     3.521 r  clk_IBUF_BUFG_inst/O
                         net (fo=62, routed)          1.626     5.147    U_fnd_ctrl/U_clk_div_1khz/CLK
    SLICE_X59Y51         FDCE                                         r  U_fnd_ctrl/U_clk_div_1khz/div_counter_reg[1]/C
  -------------------------------------------------------------------    -------------------
    SLICE_X59Y51         FDCE (Prop_fdce_C_Q)         0.456     5.603 r  U_fnd_ctrl/U_clk_div_1khz/div_counter_reg[1]/Q
                         net (fo=2, routed)           0.666     6.269    U_fnd_ctrl/U_clk_div_1khz/div_counter[1]
    SLICE_X60Y51         CARRY4 (Prop_carry4_S[0]_CO[3])
                                                      0.637     6.906 r  U_fnd_ctrl/U_clk_div_1khz/div_counter0_carry/CO[3]
                         net (fo=1, routed)           0.000     6.906    U_fnd_ctrl/U_clk_div_1khz/div_counter0_carry_n_0
    SLICE_X60Y52         CARRY4 (Prop_carry4_CI_CO[3])
                                                      0.117     7.023 r  U_fnd_ctrl/U_clk_div_1khz/div_counter0_carry__0/CO[3]
                         net (fo=1, routed)           0.000     7.023    U_fnd_ctrl/U_clk_div_1khz/div_counter0_carry__0_n_0
    SLICE_X60Y53         CARRY4 (Prop_carry4_CI_CO[3])
                                                      0.117     7.140 r  U_fnd_ctrl/U_clk_div_1khz/div_counter0_carry__1/CO[3]
                         net (fo=1, routed)           0.000     7.140    U_fnd_ctrl/U_clk_div_1khz/div_counter0_carry__1_n_0
    SLICE_X60Y54         CARRY4 (Prop_carry4_CI_O[3])
                                                      0.315     7.455 r  U_fnd_ctrl/U_clk_div_1khz/div_counter0_carry__2/O[3]
                         net (fo=1, routed)           0.943     8.398    U_fnd_ctrl/U_clk_div_1khz/div_counter0_carry__2_n_4
    SLICE_X59Y52         LUT5 (Prop_lut5_I4_O)        0.307     8.705 r  U_fnd_ctrl/U_clk_div_1khz/div_counter[16]_i_1/O
                         net (fo=1, routed)           0.000     8.705    U_fnd_ctrl/U_clk_div_1khz/div_counter_0[16]
    SLICE_X59Y52         FDCE                                         r  U_fnd_ctrl/U_clk_div_1khz/div_counter_reg[16]/D
  -------------------------------------------------------------------    -------------------

                         (clock sys_clk_pin rise edge)
                                                     10.000    10.000 r  
    W5                                                0.000    10.000 r  clk (IN)
                         net (fo=0)                   0.000    10.000    clk
    W5                   IBUF (Prop_ibuf_I_O)         1.388    11.388 r  clk_IBUF_inst/O
                         net (fo=1, routed)           1.862    13.250    clk_IBUF
    BUFGCTRL_X0Y0        BUFG (Prop_bufg_I_O)         0.091    13.341 r  clk_IBUF_BUFG_inst/O
                         net (fo=62, routed)          1.509    14.850    U_fnd_ctrl/U_clk_div_1khz/CLK
    SLICE_X59Y52         FDCE                                         r  U_fnd_ctrl/U_clk_div_1khz/div_counter_reg[16]/C
                         clock pessimism              0.272    15.122    
                         clock uncertainty           -0.035    15.087    
    SLICE_X59Y52         FDCE (Setup_fdce_C_D)        0.029    15.116    U_fnd_ctrl/U_clk_div_1khz/div_counter_reg[16]
  -------------------------------------------------------------------
                         required time                         15.116    
                         arrival time                          -8.705    
  -------------------------------------------------------------------
                         slack                                  6.410    

Slack (MET) :             6.420ns  (required time - arrival time)
  Source:                 U_SPI_Slave_Reg/clk_counter_reg_reg[1]/C
                            (rising edge-triggered cell FDCE clocked by sys_clk_pin  {rise@0.000ns fall@5.000ns period=10.000ns})
  Destination:            U_SPI_Slave_Reg/FSM_onehot_state_reg[1]/CE
                            (rising edge-triggered cell FDCE clocked by sys_clk_pin  {rise@0.000ns fall@5.000ns period=10.000ns})
  Path Group:             sys_clk_pin
  Path Type:              Setup (Max at Slow Process Corner)
  Requirement:            10.000ns  (sys_clk_pin rise@10.000ns - sys_clk_pin rise@0.000ns)
  Data Path Delay:        3.351ns  (logic 1.058ns (31.577%)  route 2.293ns (68.423%))
  Logic Levels:           3  (LUT2=1 LUT6=2)
  Clock Path Skew:        -0.025ns (DCD - SCD + CPR)
    Destination Clock Delay (DCD):    4.849ns = ( 14.849 - 10.000 ) 
    Source Clock Delay      (SCD):    5.146ns
    Clock Pessimism Removal (CPR):    0.272ns
  Clock Uncertainty:      0.035ns  ((TSJ^2 + TIJ^2)^1/2 + DJ) / 2 + PE
    Total System Jitter     (TSJ):    0.071ns
    Total Input Jitter      (TIJ):    0.000ns
    Discrete Jitter          (DJ):    0.000ns
    Phase Error              (PE):    0.000ns

    Location             Delay type                Incr(ns)  Path(ns)    Netlist Resource(s)
  -------------------------------------------------------------------    -------------------
                         (clock sys_clk_pin rise edge)
                                                      0.000     0.000 r  
    W5                                                0.000     0.000 r  clk (IN)
                         net (fo=0)                   0.000     0.000    clk
    W5                   IBUF (Prop_ibuf_I_O)         1.458     1.458 r  clk_IBUF_inst/O
                         net (fo=1, routed)           1.967     3.425    clk_IBUF
    BUFGCTRL_X0Y0        BUFG (Prop_bufg_I_O)         0.096     3.521 r  clk_IBUF_BUFG_inst/O
                         net (fo=62, routed)          1.625     5.146    U_SPI_Slave_Reg/CLK
    SLICE_X58Y55         FDCE                                         r  U_SPI_Slave_Reg/clk_counter_reg_reg[1]/C
  -------------------------------------------------------------------    -------------------
    SLICE_X58Y55         FDCE (Prop_fdce_C_Q)         0.456     5.602 f  U_SPI_Slave_Reg/clk_counter_reg_reg[1]/Q
                         net (fo=6, routed)           0.893     6.495    U_SPI_Slave_Reg/clk_counter_reg[1]
    SLICE_X58Y55         LUT2 (Prop_lut2_I0_O)        0.152     6.647 f  U_SPI_Slave_Reg/FSM_onehot_state[4]_i_4/O
                         net (fo=1, routed)           0.652     7.299    U_SPI_Slave_Reg/FSM_onehot_state[4]_i_4_n_0
    SLICE_X59Y55         LUT6 (Prop_lut6_I0_O)        0.326     7.625 r  U_SPI_Slave_Reg/FSM_onehot_state[4]_i_3/O
                         net (fo=1, routed)           0.558     8.183    U_SPI_Slave_Reg/FSM_onehot_state[4]_i_3_n_0
    SLICE_X60Y56         LUT6 (Prop_lut6_I3_O)        0.124     8.307 r  U_SPI_Slave_Reg/FSM_onehot_state[4]_i_1/O
                         net (fo=5, routed)           0.190     8.496    U_SPI_Slave_Reg/FSM_onehot_state[4]_i_1_n_0
    SLICE_X60Y56         FDCE                                         r  U_SPI_Slave_Reg/FSM_onehot_state_reg[1]/CE
  -------------------------------------------------------------------    -------------------

                         (clock sys_clk_pin rise edge)
                                                     10.000    10.000 r  
    W5                                                0.000    10.000 r  clk (IN)
                         net (fo=0)                   0.000    10.000    clk
    W5                   IBUF (Prop_ibuf_I_O)         1.388    11.388 r  clk_IBUF_inst/O
                         net (fo=1, routed)           1.862    13.250    clk_IBUF
    BUFGCTRL_X0Y0        BUFG (Prop_bufg_I_O)         0.091    13.341 r  clk_IBUF_BUFG_inst/O
                         net (fo=62, routed)          1.508    14.849    U_SPI_Slave_Reg/CLK
    SLICE_X60Y56         FDCE                                         r  U_SPI_Slave_Reg/FSM_onehot_state_reg[1]/C
                         clock pessimism              0.272    15.121    
                         clock uncertainty           -0.035    15.086    
    SLICE_X60Y56         FDCE (Setup_fdce_C_CE)      -0.169    14.917    U_SPI_Slave_Reg/FSM_onehot_state_reg[1]
  -------------------------------------------------------------------
                         required time                         14.917    
                         arrival time                          -8.496    
  -------------------------------------------------------------------
                         slack                                  6.420    

Slack (MET) :             6.420ns  (required time - arrival time)
  Source:                 U_SPI_Slave_Reg/clk_counter_reg_reg[1]/C
                            (rising edge-triggered cell FDCE clocked by sys_clk_pin  {rise@0.000ns fall@5.000ns period=10.000ns})
  Destination:            U_SPI_Slave_Reg/FSM_onehot_state_reg[2]/CE
                            (rising edge-triggered cell FDCE clocked by sys_clk_pin  {rise@0.000ns fall@5.000ns period=10.000ns})
  Path Group:             sys_clk_pin
  Path Type:              Setup (Max at Slow Process Corner)
  Requirement:            10.000ns  (sys_clk_pin rise@10.000ns - sys_clk_pin rise@0.000ns)
  Data Path Delay:        3.351ns  (logic 1.058ns (31.577%)  route 2.293ns (68.423%))
  Logic Levels:           3  (LUT2=1 LUT6=2)
  Clock Path Skew:        -0.025ns (DCD - SCD + CPR)
    Destination Clock Delay (DCD):    4.849ns = ( 14.849 - 10.000 ) 
    Source Clock Delay      (SCD):    5.146ns
    Clock Pessimism Removal (CPR):    0.272ns
  Clock Uncertainty:      0.035ns  ((TSJ^2 + TIJ^2)^1/2 + DJ) / 2 + PE
    Total System Jitter     (TSJ):    0.071ns
    Total Input Jitter      (TIJ):    0.000ns
    Discrete Jitter          (DJ):    0.000ns
    Phase Error              (PE):    0.000ns

    Location             Delay type                Incr(ns)  Path(ns)    Netlist Resource(s)
  -------------------------------------------------------------------    -------------------
                         (clock sys_clk_pin rise edge)
                                                      0.000     0.000 r  
    W5                                                0.000     0.000 r  clk (IN)
                         net (fo=0)                   0.000     0.000    clk
    W5                   IBUF (Prop_ibuf_I_O)         1.458     1.458 r  clk_IBUF_inst/O
                         net (fo=1, routed)           1.967     3.425    clk_IBUF
    BUFGCTRL_X0Y0        BUFG (Prop_bufg_I_O)         0.096     3.521 r  clk_IBUF_BUFG_inst/O
                         net (fo=62, routed)          1.625     5.146    U_SPI_Slave_Reg/CLK
    SLICE_X58Y55         FDCE                                         r  U_SPI_Slave_Reg/clk_counter_reg_reg[1]/C
  -------------------------------------------------------------------    -------------------
    SLICE_X58Y55         FDCE (Prop_fdce_C_Q)         0.456     5.602 f  U_SPI_Slave_Reg/clk_counter_reg_reg[1]/Q
                         net (fo=6, routed)           0.893     6.495    U_SPI_Slave_Reg/clk_counter_reg[1]
    SLICE_X58Y55         LUT2 (Prop_lut2_I0_O)        0.152     6.647 f  U_SPI_Slave_Reg/FSM_onehot_state[4]_i_4/O
                         net (fo=1, routed)           0.652     7.299    U_SPI_Slave_Reg/FSM_onehot_state[4]_i_4_n_0
    SLICE_X59Y55         LUT6 (Prop_lut6_I0_O)        0.326     7.625 r  U_SPI_Slave_Reg/FSM_onehot_state[4]_i_3/O
                         net (fo=1, routed)           0.558     8.183    U_SPI_Slave_Reg/FSM_onehot_state[4]_i_3_n_0
    SLICE_X60Y56         LUT6 (Prop_lut6_I3_O)        0.124     8.307 r  U_SPI_Slave_Reg/FSM_onehot_state[4]_i_1/O
                         net (fo=5, routed)           0.190     8.496    U_SPI_Slave_Reg/FSM_onehot_state[4]_i_1_n_0
    SLICE_X60Y56         FDCE                                         r  U_SPI_Slave_Reg/FSM_onehot_state_reg[2]/CE
  -------------------------------------------------------------------    -------------------

                         (clock sys_clk_pin rise edge)
                                                     10.000    10.000 r  
    W5                                                0.000    10.000 r  clk (IN)
                         net (fo=0)                   0.000    10.000    clk
    W5                   IBUF (Prop_ibuf_I_O)         1.388    11.388 r  clk_IBUF_inst/O
                         net (fo=1, routed)           1.862    13.250    clk_IBUF
    BUFGCTRL_X0Y0        BUFG (Prop_bufg_I_O)         0.091    13.341 r  clk_IBUF_BUFG_inst/O
                         net (fo=62, routed)          1.508    14.849    U_SPI_Slave_Reg/CLK
    SLICE_X60Y56         FDCE                                         r  U_SPI_Slave_Reg/FSM_onehot_state_reg[2]/C
                         clock pessimism              0.272    15.121    
                         clock uncertainty           -0.035    15.086    
    SLICE_X60Y56         FDCE (Setup_fdce_C_CE)      -0.169    14.917    U_SPI_Slave_Reg/FSM_onehot_state_reg[2]
  -------------------------------------------------------------------
                         required time                         14.917    
                         arrival time                          -8.496    
  -------------------------------------------------------------------
                         slack                                  6.420    

Slack (MET) :             6.420ns  (required time - arrival time)
  Source:                 U_SPI_Slave_Reg/clk_counter_reg_reg[1]/C
                            (rising edge-triggered cell FDCE clocked by sys_clk_pin  {rise@0.000ns fall@5.000ns period=10.000ns})
  Destination:            U_SPI_Slave_Reg/FSM_onehot_state_reg[3]/CE
                            (rising edge-triggered cell FDCE clocked by sys_clk_pin  {rise@0.000ns fall@5.000ns period=10.000ns})
  Path Group:             sys_clk_pin
  Path Type:              Setup (Max at Slow Process Corner)
  Requirement:            10.000ns  (sys_clk_pin rise@10.000ns - sys_clk_pin rise@0.000ns)
  Data Path Delay:        3.351ns  (logic 1.058ns (31.577%)  route 2.293ns (68.423%))
  Logic Levels:           3  (LUT2=1 LUT6=2)
  Clock Path Skew:        -0.025ns (DCD - SCD + CPR)
    Destination Clock Delay (DCD):    4.849ns = ( 14.849 - 10.000 ) 
    Source Clock Delay      (SCD):    5.146ns
    Clock Pessimism Removal (CPR):    0.272ns
  Clock Uncertainty:      0.035ns  ((TSJ^2 + TIJ^2)^1/2 + DJ) / 2 + PE
    Total System Jitter     (TSJ):    0.071ns
    Total Input Jitter      (TIJ):    0.000ns
    Discrete Jitter          (DJ):    0.000ns
    Phase Error              (PE):    0.000ns

    Location             Delay type                Incr(ns)  Path(ns)    Netlist Resource(s)
  -------------------------------------------------------------------    -------------------
                         (clock sys_clk_pin rise edge)
                                                      0.000     0.000 r  
    W5                                                0.000     0.000 r  clk (IN)
                         net (fo=0)                   0.000     0.000    clk
    W5                   IBUF (Prop_ibuf_I_O)         1.458     1.458 r  clk_IBUF_inst/O
                         net (fo=1, routed)           1.967     3.425    clk_IBUF
    BUFGCTRL_X0Y0        BUFG (Prop_bufg_I_O)         0.096     3.521 r  clk_IBUF_BUFG_inst/O
                         net (fo=62, routed)          1.625     5.146    U_SPI_Slave_Reg/CLK
    SLICE_X58Y55         FDCE                                         r  U_SPI_Slave_Reg/clk_counter_reg_reg[1]/C
  -------------------------------------------------------------------    -------------------
    SLICE_X58Y55         FDCE (Prop_fdce_C_Q)         0.456     5.602 f  U_SPI_Slave_Reg/clk_counter_reg_reg[1]/Q
                         net (fo=6, routed)           0.893     6.495    U_SPI_Slave_Reg/clk_counter_reg[1]
    SLICE_X58Y55         LUT2 (Prop_lut2_I0_O)        0.152     6.647 f  U_SPI_Slave_Reg/FSM_onehot_state[4]_i_4/O
                         net (fo=1, routed)           0.652     7.299    U_SPI_Slave_Reg/FSM_onehot_state[4]_i_4_n_0
    SLICE_X59Y55         LUT6 (Prop_lut6_I0_O)        0.326     7.625 r  U_SPI_Slave_Reg/FSM_onehot_state[4]_i_3/O
                         net (fo=1, routed)           0.558     8.183    U_SPI_Slave_Reg/FSM_onehot_state[4]_i_3_n_0
    SLICE_X60Y56         LUT6 (Prop_lut6_I3_O)        0.124     8.307 r  U_SPI_Slave_Reg/FSM_onehot_state[4]_i_1/O
                         net (fo=5, routed)           0.190     8.496    U_SPI_Slave_Reg/FSM_onehot_state[4]_i_1_n_0
    SLICE_X60Y56         FDCE                                         r  U_SPI_Slave_Reg/FSM_onehot_state_reg[3]/CE
  -------------------------------------------------------------------    -------------------

                         (clock sys_clk_pin rise edge)
                                                     10.000    10.000 r  
    W5                                                0.000    10.000 r  clk (IN)
                         net (fo=0)                   0.000    10.000    clk
    W5                   IBUF (Prop_ibuf_I_O)         1.388    11.388 r  clk_IBUF_inst/O
                         net (fo=1, routed)           1.862    13.250    clk_IBUF
    BUFGCTRL_X0Y0        BUFG (Prop_bufg_I_O)         0.091    13.341 r  clk_IBUF_BUFG_inst/O
                         net (fo=62, routed)          1.508    14.849    U_SPI_Slave_Reg/CLK
    SLICE_X60Y56         FDCE                                         r  U_SPI_Slave_Reg/FSM_onehot_state_reg[3]/C
                         clock pessimism              0.272    15.121    
                         clock uncertainty           -0.035    15.086    
    SLICE_X60Y56         FDCE (Setup_fdce_C_CE)      -0.169    14.917    U_SPI_Slave_Reg/FSM_onehot_state_reg[3]
  -------------------------------------------------------------------
                         required time                         14.917    
                         arrival time                          -8.496    
  -------------------------------------------------------------------
                         slack                                  6.420    

Slack (MET) :             6.420ns  (required time - arrival time)
  Source:                 U_SPI_Slave_Reg/clk_counter_reg_reg[1]/C
                            (rising edge-triggered cell FDCE clocked by sys_clk_pin  {rise@0.000ns fall@5.000ns period=10.000ns})
  Destination:            U_SPI_Slave_Reg/FSM_onehot_state_reg[4]/CE
                            (rising edge-triggered cell FDCE clocked by sys_clk_pin  {rise@0.000ns fall@5.000ns period=10.000ns})
  Path Group:             sys_clk_pin
  Path Type:              Setup (Max at Slow Process Corner)
  Requirement:            10.000ns  (sys_clk_pin rise@10.000ns - sys_clk_pin rise@0.000ns)
  Data Path Delay:        3.351ns  (logic 1.058ns (31.577%)  route 2.293ns (68.423%))
  Logic Levels:           3  (LUT2=1 LUT6=2)
  Clock Path Skew:        -0.025ns (DCD - SCD + CPR)
    Destination Clock Delay (DCD):    4.849ns = ( 14.849 - 10.000 ) 
    Source Clock Delay      (SCD):    5.146ns
    Clock Pessimism Removal (CPR):    0.272ns
  Clock Uncertainty:      0.035ns  ((TSJ^2 + TIJ^2)^1/2 + DJ) / 2 + PE
    Total System Jitter     (TSJ):    0.071ns
    Total Input Jitter      (TIJ):    0.000ns
    Discrete Jitter          (DJ):    0.000ns
    Phase Error              (PE):    0.000ns

    Location             Delay type                Incr(ns)  Path(ns)    Netlist Resource(s)
  -------------------------------------------------------------------    -------------------
                         (clock sys_clk_pin rise edge)
                                                      0.000     0.000 r  
    W5                                                0.000     0.000 r  clk (IN)
                         net (fo=0)                   0.000     0.000    clk
    W5                   IBUF (Prop_ibuf_I_O)         1.458     1.458 r  clk_IBUF_inst/O
                         net (fo=1, routed)           1.967     3.425    clk_IBUF
    BUFGCTRL_X0Y0        BUFG (Prop_bufg_I_O)         0.096     3.521 r  clk_IBUF_BUFG_inst/O
                         net (fo=62, routed)          1.625     5.146    U_SPI_Slave_Reg/CLK
    SLICE_X58Y55         FDCE                                         r  U_SPI_Slave_Reg/clk_counter_reg_reg[1]/C
  -------------------------------------------------------------------    -------------------
    SLICE_X58Y55         FDCE (Prop_fdce_C_Q)         0.456     5.602 f  U_SPI_Slave_Reg/clk_counter_reg_reg[1]/Q
                         net (fo=6, routed)           0.893     6.495    U_SPI_Slave_Reg/clk_counter_reg[1]
    SLICE_X58Y55         LUT2 (Prop_lut2_I0_O)        0.152     6.647 f  U_SPI_Slave_Reg/FSM_onehot_state[4]_i_4/O
                         net (fo=1, routed)           0.652     7.299    U_SPI_Slave_Reg/FSM_onehot_state[4]_i_4_n_0
    SLICE_X59Y55         LUT6 (Prop_lut6_I0_O)        0.326     7.625 r  U_SPI_Slave_Reg/FSM_onehot_state[4]_i_3/O
                         net (fo=1, routed)           0.558     8.183    U_SPI_Slave_Reg/FSM_onehot_state[4]_i_3_n_0
    SLICE_X60Y56         LUT6 (Prop_lut6_I3_O)        0.124     8.307 r  U_SPI_Slave_Reg/FSM_onehot_state[4]_i_1/O
                         net (fo=5, routed)           0.190     8.496    U_SPI_Slave_Reg/FSM_onehot_state[4]_i_1_n_0
    SLICE_X60Y56         FDCE                                         r  U_SPI_Slave_Reg/FSM_onehot_state_reg[4]/CE
  -------------------------------------------------------------------    -------------------

                         (clock sys_clk_pin rise edge)
                                                     10.000    10.000 r  
    W5                                                0.000    10.000 r  clk (IN)
                         net (fo=0)                   0.000    10.000    clk
    W5                   IBUF (Prop_ibuf_I_O)         1.388    11.388 r  clk_IBUF_inst/O
                         net (fo=1, routed)           1.862    13.250    clk_IBUF
    BUFGCTRL_X0Y0        BUFG (Prop_bufg_I_O)         0.091    13.341 r  clk_IBUF_BUFG_inst/O
                         net (fo=62, routed)          1.508    14.849    U_SPI_Slave_Reg/CLK
    SLICE_X60Y56         FDCE                                         r  U_SPI_Slave_Reg/FSM_onehot_state_reg[4]/C
                         clock pessimism              0.272    15.121    
                         clock uncertainty           -0.035    15.086    
    SLICE_X60Y56         FDCE (Setup_fdce_C_CE)      -0.169    14.917    U_SPI_Slave_Reg/FSM_onehot_state_reg[4]
  -------------------------------------------------------------------
                         required time                         14.917    
                         arrival time                          -8.496    
  -------------------------------------------------------------------
                         slack                                  6.420    

Slack (MET) :             6.560ns  (required time - arrival time)
  Source:                 U_fnd_ctrl/U_clk_div_1khz/div_counter_reg[1]/C
                            (rising edge-triggered cell FDCE clocked by sys_clk_pin  {rise@0.000ns fall@5.000ns period=10.000ns})
  Destination:            U_fnd_ctrl/U_clk_div_1khz/div_counter_reg[14]/D
                            (rising edge-triggered cell FDCE clocked by sys_clk_pin  {rise@0.000ns fall@5.000ns period=10.000ns})
  Path Group:             sys_clk_pin
  Path Type:              Setup (Max at Slow Process Corner)
  Requirement:            10.000ns  (sys_clk_pin rise@10.000ns - sys_clk_pin rise@0.000ns)
  Data Path Delay:        3.408ns  (logic 1.956ns (57.402%)  route 1.452ns (42.598%))
  Logic Levels:           5  (CARRY4=4 LUT5=1)
  Clock Path Skew:        -0.026ns (DCD - SCD + CPR)
    Destination Clock Delay (DCD):    4.849ns = ( 14.849 - 10.000 ) 
    Source Clock Delay      (SCD):    5.147ns
    Clock Pessimism Removal (CPR):    0.272ns
  Clock Uncertainty:      0.035ns  ((TSJ^2 + TIJ^2)^1/2 + DJ) / 2 + PE
    Total System Jitter     (TSJ):    0.071ns
    Total Input Jitter      (TIJ):    0.000ns
    Discrete Jitter          (DJ):    0.000ns
    Phase Error              (PE):    0.000ns

    Location             Delay type                Incr(ns)  Path(ns)    Netlist Resource(s)
  -------------------------------------------------------------------    -------------------
                         (clock sys_clk_pin rise edge)
                                                      0.000     0.000 r  
    W5                                                0.000     0.000 r  clk (IN)
                         net (fo=0)                   0.000     0.000    clk
    W5                   IBUF (Prop_ibuf_I_O)         1.458     1.458 r  clk_IBUF_inst/O
                         net (fo=1, routed)           1.967     3.425    clk_IBUF
    BUFGCTRL_X0Y0        BUFG (Prop_bufg_I_O)         0.096     3.521 r  clk_IBUF_BUFG_inst/O
                         net (fo=62, routed)          1.626     5.147    U_fnd_ctrl/U_clk_div_1khz/CLK
    SLICE_X59Y51         FDCE                                         r  U_fnd_ctrl/U_clk_div_1khz/div_counter_reg[1]/C
  -------------------------------------------------------------------    -------------------
    SLICE_X59Y51         FDCE (Prop_fdce_C_Q)         0.456     5.603 r  U_fnd_ctrl/U_clk_div_1khz/div_counter_reg[1]/Q
                         net (fo=2, routed)           0.666     6.269    U_fnd_ctrl/U_clk_div_1khz/div_counter[1]
    SLICE_X60Y51         CARRY4 (Prop_carry4_S[0]_CO[3])
                                                      0.637     6.906 r  U_fnd_ctrl/U_clk_div_1khz/div_counter0_carry/CO[3]
                         net (fo=1, routed)           0.000     6.906    U_fnd_ctrl/U_clk_div_1khz/div_counter0_carry_n_0
    SLICE_X60Y52         CARRY4 (Prop_carry4_CI_CO[3])
                                                      0.117     7.023 r  U_fnd_ctrl/U_clk_div_1khz/div_counter0_carry__0/CO[3]
                         net (fo=1, routed)           0.000     7.023    U_fnd_ctrl/U_clk_div_1khz/div_counter0_carry__0_n_0
    SLICE_X60Y53         CARRY4 (Prop_carry4_CI_CO[3])
                                                      0.117     7.140 r  U_fnd_ctrl/U_clk_div_1khz/div_counter0_carry__1/CO[3]
                         net (fo=1, routed)           0.000     7.140    U_fnd_ctrl/U_clk_div_1khz/div_counter0_carry__1_n_0
    SLICE_X60Y54         CARRY4 (Prop_carry4_CI_O[1])
                                                      0.323     7.463 r  U_fnd_ctrl/U_clk_div_1khz/div_counter0_carry__2/O[1]
                         net (fo=1, routed)           0.785     8.248    U_fnd_ctrl/U_clk_div_1khz/div_counter0_carry__2_n_6
    SLICE_X59Y53         LUT5 (Prop_lut5_I4_O)        0.306     8.554 r  U_fnd_ctrl/U_clk_div_1khz/div_counter[14]_i_1/O
                         net (fo=1, routed)           0.000     8.554    U_fnd_ctrl/U_clk_div_1khz/div_counter_0[14]
    SLICE_X59Y53         FDCE                                         r  U_fnd_ctrl/U_clk_div_1khz/div_counter_reg[14]/D
  -------------------------------------------------------------------    -------------------

                         (clock sys_clk_pin rise edge)
                                                     10.000    10.000 r  
    W5                                                0.000    10.000 r  clk (IN)
                         net (fo=0)                   0.000    10.000    clk
    W5                   IBUF (Prop_ibuf_I_O)         1.388    11.388 r  clk_IBUF_inst/O
                         net (fo=1, routed)           1.862    13.250    clk_IBUF
    BUFGCTRL_X0Y0        BUFG (Prop_bufg_I_O)         0.091    13.341 r  clk_IBUF_BUFG_inst/O
                         net (fo=62, routed)          1.508    14.849    U_fnd_ctrl/U_clk_div_1khz/CLK
    SLICE_X59Y53         FDCE                                         r  U_fnd_ctrl/U_clk_div_1khz/div_counter_reg[14]/C
                         clock pessimism              0.272    15.121    
                         clock uncertainty           -0.035    15.086    
    SLICE_X59Y53         FDCE (Setup_fdce_C_D)        0.029    15.115    U_fnd_ctrl/U_clk_div_1khz/div_counter_reg[14]
  -------------------------------------------------------------------
                         required time                         15.115    
                         arrival time                          -8.554    
  -------------------------------------------------------------------
                         slack                                  6.560    

Slack (MET) :             6.723ns  (required time - arrival time)
  Source:                 U_SPI_Slave_Reg/addr_reg_reg[1]/C
                            (rising edge-triggered cell FDCE clocked by sys_clk_pin  {rise@0.000ns fall@5.000ns period=10.000ns})
  Destination:            U_SPI_Slave_Intf/so_data_reg_reg[7]/D
                            (rising edge-triggered cell FDCE clocked by sys_clk_pin  {rise@0.000ns fall@5.000ns period=10.000ns})
  Path Group:             sys_clk_pin
  Path Type:              Setup (Max at Slow Process Corner)
  Requirement:            10.000ns  (sys_clk_pin rise@10.000ns - sys_clk_pin rise@0.000ns)
  Data Path Delay:        3.233ns  (logic 0.704ns (21.777%)  route 2.529ns (78.223%))
  Logic Levels:           2  (LUT6=2)
  Clock Path Skew:        -0.040ns (DCD - SCD + CPR)
    Destination Clock Delay (DCD):    4.849ns = ( 14.849 - 10.000 ) 
    Source Clock Delay      (SCD):    5.147ns
    Clock Pessimism Removal (CPR):    0.258ns
  Clock Uncertainty:      0.035ns  ((TSJ^2 + TIJ^2)^1/2 + DJ) / 2 + PE
    Total System Jitter     (TSJ):    0.071ns
    Total Input Jitter      (TIJ):    0.000ns
    Discrete Jitter          (DJ):    0.000ns
    Phase Error              (PE):    0.000ns

    Location             Delay type                Incr(ns)  Path(ns)    Netlist Resource(s)
  -------------------------------------------------------------------    -------------------
                         (clock sys_clk_pin rise edge)
                                                      0.000     0.000 r  
    W5                                                0.000     0.000 r  clk (IN)
                         net (fo=0)                   0.000     0.000    clk
    W5                   IBUF (Prop_ibuf_I_O)         1.458     1.458 r  clk_IBUF_inst/O
                         net (fo=1, routed)           1.967     3.425    clk_IBUF
    BUFGCTRL_X0Y0        BUFG (Prop_bufg_I_O)         0.096     3.521 r  clk_IBUF_BUFG_inst/O
                         net (fo=62, routed)          1.626     5.147    U_SPI_Slave_Reg/CLK
    SLICE_X62Y54         FDCE                                         r  U_SPI_Slave_Reg/addr_reg_reg[1]/C
  -------------------------------------------------------------------    -------------------
    SLICE_X62Y54         FDCE (Prop_fdce_C_Q)         0.456     5.603 r  U_SPI_Slave_Reg/addr_reg_reg[1]/Q
                         net (fo=22, routed)          1.395     6.998    U_SPI_Slave_Reg/addr_reg[1]
    SLICE_X59Y54         LUT6 (Prop_lut6_I3_O)        0.124     7.122 r  U_SPI_Slave_Reg/so_data_reg[7]_i_4/O
                         net (fo=1, routed)           1.133     8.256    U_SPI_Slave_Intf/so_data[6]
    SLICE_X61Y54         LUT6 (Prop_lut6_I4_O)        0.124     8.380 r  U_SPI_Slave_Intf/so_data_reg[7]_i_1/O
                         net (fo=1, routed)           0.000     8.380    U_SPI_Slave_Intf/so_data_next[7]
    SLICE_X61Y54         FDCE                                         r  U_SPI_Slave_Intf/so_data_reg_reg[7]/D
  -------------------------------------------------------------------    -------------------

                         (clock sys_clk_pin rise edge)
                                                     10.000    10.000 r  
    W5                                                0.000    10.000 r  clk (IN)
                         net (fo=0)                   0.000    10.000    clk
    W5                   IBUF (Prop_ibuf_I_O)         1.388    11.388 r  clk_IBUF_inst/O
                         net (fo=1, routed)           1.862    13.250    clk_IBUF
    BUFGCTRL_X0Y0        BUFG (Prop_bufg_I_O)         0.091    13.341 r  clk_IBUF_BUFG_inst/O
                         net (fo=62, routed)          1.508    14.849    U_SPI_Slave_Intf/CLK
    SLICE_X61Y54         FDCE                                         r  U_SPI_Slave_Intf/so_data_reg_reg[7]/C
                         clock pessimism              0.258    15.107    
                         clock uncertainty           -0.035    15.072    
    SLICE_X61Y54         FDCE (Setup_fdce_C_D)        0.031    15.103    U_SPI_Slave_Intf/so_data_reg_reg[7]
  -------------------------------------------------------------------
                         required time                         15.103    
                         arrival time                          -8.380    
  -------------------------------------------------------------------
                         slack                                  6.723    

Slack (MET) :             6.758ns  (required time - arrival time)
  Source:                 U_fnd_ctrl/U_clk_div_1khz/div_counter_reg[1]/C
                            (rising edge-triggered cell FDCE clocked by sys_clk_pin  {rise@0.000ns fall@5.000ns period=10.000ns})
  Destination:            U_fnd_ctrl/U_clk_div_1khz/div_counter_reg[11]/D
                            (rising edge-triggered cell FDCE clocked by sys_clk_pin  {rise@0.000ns fall@5.000ns period=10.000ns})
  Path Group:             sys_clk_pin
  Path Type:              Setup (Max at Slow Process Corner)
  Requirement:            10.000ns  (sys_clk_pin rise@10.000ns - sys_clk_pin rise@0.000ns)
  Data Path Delay:        3.210ns  (logic 1.750ns (54.519%)  route 1.460ns (45.481%))
  Logic Levels:           4  (CARRY4=3 LUT5=1)
  Clock Path Skew:        -0.026ns (DCD - SCD + CPR)
    Destination Clock Delay (DCD):    4.849ns = ( 14.849 - 10.000 ) 
    Source Clock Delay      (SCD):    5.147ns
    Clock Pessimism Removal (CPR):    0.272ns
  Clock Uncertainty:      0.035ns  ((TSJ^2 + TIJ^2)^1/2 + DJ) / 2 + PE
    Total System Jitter     (TSJ):    0.071ns
    Total Input Jitter      (TIJ):    0.000ns
    Discrete Jitter          (DJ):    0.000ns
    Phase Error              (PE):    0.000ns

    Location             Delay type                Incr(ns)  Path(ns)    Netlist Resource(s)
  -------------------------------------------------------------------    -------------------
                         (clock sys_clk_pin rise edge)
                                                      0.000     0.000 r  
    W5                                                0.000     0.000 r  clk (IN)
                         net (fo=0)                   0.000     0.000    clk
    W5                   IBUF (Prop_ibuf_I_O)         1.458     1.458 r  clk_IBUF_inst/O
                         net (fo=1, routed)           1.967     3.425    clk_IBUF
    BUFGCTRL_X0Y0        BUFG (Prop_bufg_I_O)         0.096     3.521 r  clk_IBUF_BUFG_inst/O
                         net (fo=62, routed)          1.626     5.147    U_fnd_ctrl/U_clk_div_1khz/CLK
    SLICE_X59Y51         FDCE                                         r  U_fnd_ctrl/U_clk_div_1khz/div_counter_reg[1]/C
  -------------------------------------------------------------------    -------------------
    SLICE_X59Y51         FDCE (Prop_fdce_C_Q)         0.456     5.603 r  U_fnd_ctrl/U_clk_div_1khz/div_counter_reg[1]/Q
                         net (fo=2, routed)           0.666     6.269    U_fnd_ctrl/U_clk_div_1khz/div_counter[1]
    SLICE_X60Y51         CARRY4 (Prop_carry4_S[0]_CO[3])
                                                      0.637     6.906 r  U_fnd_ctrl/U_clk_div_1khz/div_counter0_carry/CO[3]
                         net (fo=1, routed)           0.000     6.906    U_fnd_ctrl/U_clk_div_1khz/div_counter0_carry_n_0
    SLICE_X60Y52         CARRY4 (Prop_carry4_CI_CO[3])
                                                      0.117     7.023 r  U_fnd_ctrl/U_clk_div_1khz/div_counter0_carry__0/CO[3]
                         net (fo=1, routed)           0.000     7.023    U_fnd_ctrl/U_clk_div_1khz/div_counter0_carry__0_n_0
    SLICE_X60Y53         CARRY4 (Prop_carry4_CI_O[2])
                                                      0.239     7.262 r  U_fnd_ctrl/U_clk_div_1khz/div_counter0_carry__1/O[2]
                         net (fo=1, routed)           0.794     8.056    U_fnd_ctrl/U_clk_div_1khz/div_counter0_carry__1_n_5
    SLICE_X58Y53         LUT5 (Prop_lut5_I4_O)        0.301     8.357 r  U_fnd_ctrl/U_clk_div_1khz/div_counter[11]_i_1/O
                         net (fo=1, routed)           0.000     8.357    U_fnd_ctrl/U_clk_div_1khz/div_counter_0[11]
    SLICE_X58Y53         FDCE                                         r  U_fnd_ctrl/U_clk_div_1khz/div_counter_reg[11]/D
  -------------------------------------------------------------------    -------------------

                         (clock sys_clk_pin rise edge)
                                                     10.000    10.000 r  
    W5                                                0.000    10.000 r  clk (IN)
                         net (fo=0)                   0.000    10.000    clk
    W5                   IBUF (Prop_ibuf_I_O)         1.388    11.388 r  clk_IBUF_inst/O
                         net (fo=1, routed)           1.862    13.250    clk_IBUF
    BUFGCTRL_X0Y0        BUFG (Prop_bufg_I_O)         0.091    13.341 r  clk_IBUF_BUFG_inst/O
                         net (fo=62, routed)          1.508    14.849    U_fnd_ctrl/U_clk_div_1khz/CLK
    SLICE_X58Y53         FDCE                                         r  U_fnd_ctrl/U_clk_div_1khz/div_counter_reg[11]/C
                         clock pessimism              0.272    15.121    
                         clock uncertainty           -0.035    15.086    
    SLICE_X58Y53         FDCE (Setup_fdce_C_D)        0.029    15.115    U_fnd_ctrl/U_clk_div_1khz/div_counter_reg[11]
  -------------------------------------------------------------------
                         required time                         15.115    
                         arrival time                          -8.357    
  -------------------------------------------------------------------
                         slack                                  6.758    

Slack (MET) :             6.810ns  (required time - arrival time)
  Source:                 U_fnd_ctrl/U_clk_div_1khz/div_counter_reg[1]/C
                            (rising edge-triggered cell FDCE clocked by sys_clk_pin  {rise@0.000ns fall@5.000ns period=10.000ns})
  Destination:            U_fnd_ctrl/U_clk_div_1khz/div_counter_reg[13]/D
                            (rising edge-triggered cell FDCE clocked by sys_clk_pin  {rise@0.000ns fall@5.000ns period=10.000ns})
  Path Group:             sys_clk_pin
  Path Type:              Setup (Max at Slow Process Corner)
  Requirement:            10.000ns  (sys_clk_pin rise@10.000ns - sys_clk_pin rise@0.000ns)
  Data Path Delay:        3.160ns  (logic 1.841ns (58.260%)  route 1.319ns (41.740%))
  Logic Levels:           5  (CARRY4=4 LUT5=1)
  Clock Path Skew:        -0.026ns (DCD - SCD + CPR)
    Destination Clock Delay (DCD):    4.849ns = ( 14.849 - 10.000 ) 
    Source Clock Delay      (SCD):    5.147ns
    Clock Pessimism Removal (CPR):    0.272ns
  Clock Uncertainty:      0.035ns  ((TSJ^2 + TIJ^2)^1/2 + DJ) / 2 + PE
    Total System Jitter     (TSJ):    0.071ns
    Total Input Jitter      (TIJ):    0.000ns
    Discrete Jitter          (DJ):    0.000ns
    Phase Error              (PE):    0.000ns

    Location             Delay type                Incr(ns)  Path(ns)    Netlist Resource(s)
  -------------------------------------------------------------------    -------------------
                         (clock sys_clk_pin rise edge)
                                                      0.000     0.000 r  
    W5                                                0.000     0.000 r  clk (IN)
                         net (fo=0)                   0.000     0.000    clk
    W5                   IBUF (Prop_ibuf_I_O)         1.458     1.458 r  clk_IBUF_inst/O
                         net (fo=1, routed)           1.967     3.425    clk_IBUF
    BUFGCTRL_X0Y0        BUFG (Prop_bufg_I_O)         0.096     3.521 r  clk_IBUF_BUFG_inst/O
                         net (fo=62, routed)          1.626     5.147    U_fnd_ctrl/U_clk_div_1khz/CLK
    SLICE_X59Y51         FDCE                                         r  U_fnd_ctrl/U_clk_div_1khz/div_counter_reg[1]/C
  -------------------------------------------------------------------    -------------------
    SLICE_X59Y51         FDCE (Prop_fdce_C_Q)         0.456     5.603 r  U_fnd_ctrl/U_clk_div_1khz/div_counter_reg[1]/Q
                         net (fo=2, routed)           0.666     6.269    U_fnd_ctrl/U_clk_div_1khz/div_counter[1]
    SLICE_X60Y51         CARRY4 (Prop_carry4_S[0]_CO[3])
                                                      0.637     6.906 r  U_fnd_ctrl/U_clk_div_1khz/div_counter0_carry/CO[3]
                         net (fo=1, routed)           0.000     6.906    U_fnd_ctrl/U_clk_div_1khz/div_counter0_carry_n_0
    SLICE_X60Y52         CARRY4 (Prop_carry4_CI_CO[3])
                                                      0.117     7.023 r  U_fnd_ctrl/U_clk_div_1khz/div_counter0_carry__0/CO[3]
                         net (fo=1, routed)           0.000     7.023    U_fnd_ctrl/U_clk_div_1khz/div_counter0_carry__0_n_0
    SLICE_X60Y53         CARRY4 (Prop_carry4_CI_CO[3])
                                                      0.117     7.140 r  U_fnd_ctrl/U_clk_div_1khz/div_counter0_carry__1/CO[3]
                         net (fo=1, routed)           0.000     7.140    U_fnd_ctrl/U_clk_div_1khz/div_counter0_carry__1_n_0
    SLICE_X60Y54         CARRY4 (Prop_carry4_CI_O[0])
                                                      0.219     7.359 r  U_fnd_ctrl/U_clk_div_1khz/div_counter0_carry__2/O[0]
                         net (fo=1, routed)           0.653     8.012    U_fnd_ctrl/U_clk_div_1khz/div_counter0_carry__2_n_7
    SLICE_X58Y53         LUT5 (Prop_lut5_I4_O)        0.295     8.307 r  U_fnd_ctrl/U_clk_div_1khz/div_counter[13]_i_1/O
                         net (fo=1, routed)           0.000     8.307    U_fnd_ctrl/U_clk_div_1khz/div_counter_0[13]
    SLICE_X58Y53         FDCE                                         r  U_fnd_ctrl/U_clk_div_1khz/div_counter_reg[13]/D
  -------------------------------------------------------------------    -------------------

                         (clock sys_clk_pin rise edge)
                                                     10.000    10.000 r  
    W5                                                0.000    10.000 r  clk (IN)
                         net (fo=0)                   0.000    10.000    clk
    W5                   IBUF (Prop_ibuf_I_O)         1.388    11.388 r  clk_IBUF_inst/O
                         net (fo=1, routed)           1.862    13.250    clk_IBUF
    BUFGCTRL_X0Y0        BUFG (Prop_bufg_I_O)         0.091    13.341 r  clk_IBUF_BUFG_inst/O
                         net (fo=62, routed)          1.508    14.849    U_fnd_ctrl/U_clk_div_1khz/CLK
    SLICE_X58Y53         FDCE                                         r  U_fnd_ctrl/U_clk_div_1khz/div_counter_reg[13]/C
                         clock pessimism              0.272    15.121    
                         clock uncertainty           -0.035    15.086    
    SLICE_X58Y53         FDCE (Setup_fdce_C_D)        0.031    15.117    U_fnd_ctrl/U_clk_div_1khz/div_counter_reg[13]
  -------------------------------------------------------------------
                         required time                         15.117    
                         arrival time                          -8.307    
  -------------------------------------------------------------------
                         slack                                  6.810    





Min Delay Paths
--------------------------------------------------------------------------------------
Slack (MET) :             0.169ns  (arrival time - required time)
  Source:                 U_SPI_Slave_Reg/clk_counter_reg_reg[5]/C
                            (rising edge-triggered cell FDCE clocked by sys_clk_pin  {rise@0.000ns fall@5.000ns period=10.000ns})
  Destination:            U_SPI_Slave_Reg/clk_counter_reg_reg[4]/D
                            (rising edge-triggered cell FDCE clocked by sys_clk_pin  {rise@0.000ns fall@5.000ns period=10.000ns})
  Path Group:             sys_clk_pin
  Path Type:              Hold (Min at Fast Process Corner)
  Requirement:            0.000ns  (sys_clk_pin rise@0.000ns - sys_clk_pin rise@0.000ns)
  Data Path Delay:        0.273ns  (logic 0.186ns (68.065%)  route 0.087ns (31.935%))
  Logic Levels:           1  (LUT6=1)
  Clock Path Skew:        0.013ns (DCD - SCD - CPR)
    Destination Clock Delay (DCD):    1.989ns
    Source Clock Delay      (SCD):    1.475ns
    Clock Pessimism Removal (CPR):    0.501ns

    Location             Delay type                Incr(ns)  Path(ns)    Netlist Resource(s)
  -------------------------------------------------------------------    -------------------
                         (clock sys_clk_pin rise edge)
                                                      0.000     0.000 r  
    W5                                                0.000     0.000 r  clk (IN)
                         net (fo=0)                   0.000     0.000    clk
    W5                   IBUF (Prop_ibuf_I_O)         0.226     0.226 r  clk_IBUF_inst/O
                         net (fo=1, routed)           0.631     0.858    clk_IBUF
    BUFGCTRL_X0Y0        BUFG (Prop_bufg_I_O)         0.026     0.884 r  clk_IBUF_BUFG_inst/O
                         net (fo=62, routed)          0.592     1.475    U_SPI_Slave_Reg/CLK
    SLICE_X58Y55         FDCE                                         r  U_SPI_Slave_Reg/clk_counter_reg_reg[5]/C
  -------------------------------------------------------------------    -------------------
    SLICE_X58Y55         FDCE (Prop_fdce_C_Q)         0.141     1.616 f  U_SPI_Slave_Reg/clk_counter_reg_reg[5]/Q
                         net (fo=4, routed)           0.087     1.703    U_SPI_Slave_Reg/clk_counter_reg[5]
    SLICE_X59Y55         LUT6 (Prop_lut6_I1_O)        0.045     1.748 r  U_SPI_Slave_Reg/clk_counter_reg[4]_i_1/O
                         net (fo=1, routed)           0.000     1.748    U_SPI_Slave_Reg/clk_counter_next__0[4]
    SLICE_X59Y55         FDCE                                         r  U_SPI_Slave_Reg/clk_counter_reg_reg[4]/D
  -------------------------------------------------------------------    -------------------

                         (clock sys_clk_pin rise edge)
                                                      0.000     0.000 r  
    W5                                                0.000     0.000 r  clk (IN)
                         net (fo=0)                   0.000     0.000    clk
    W5                   IBUF (Prop_ibuf_I_O)         0.414     0.414 r  clk_IBUF_inst/O
                         net (fo=1, routed)           0.685     1.099    clk_IBUF
    BUFGCTRL_X0Y0        BUFG (Prop_bufg_I_O)         0.029     1.128 r  clk_IBUF_BUFG_inst/O
                         net (fo=62, routed)          0.861     1.989    U_SPI_Slave_Reg/CLK
    SLICE_X59Y55         FDCE                                         r  U_SPI_Slave_Reg/clk_counter_reg_reg[4]/C
                         clock pessimism             -0.501     1.488    
    SLICE_X59Y55         FDCE (Hold_fdce_C_D)         0.091     1.579    U_SPI_Slave_Reg/clk_counter_reg_reg[4]
  -------------------------------------------------------------------
                         required time                         -1.579    
                         arrival time                           1.748    
  -------------------------------------------------------------------
                         slack                                  0.169    

Slack (MET) :             0.179ns  (arrival time - required time)
  Source:                 U_SPI_Slave_Intf/so_data_reg_reg[3]/C
                            (rising edge-triggered cell FDCE clocked by sys_clk_pin  {rise@0.000ns fall@5.000ns period=10.000ns})
  Destination:            U_SPI_Slave_Intf/so_data_reg_reg[4]/D
                            (rising edge-triggered cell FDCE clocked by sys_clk_pin  {rise@0.000ns fall@5.000ns period=10.000ns})
  Path Group:             sys_clk_pin
  Path Type:              Hold (Min at Fast Process Corner)
  Requirement:            0.000ns  (sys_clk_pin rise@0.000ns - sys_clk_pin rise@0.000ns)
  Data Path Delay:        0.283ns  (logic 0.186ns (65.755%)  route 0.097ns (34.245%))
  Logic Levels:           1  (LUT6=1)
  Clock Path Skew:        0.013ns (DCD - SCD - CPR)
    Destination Clock Delay (DCD):    1.991ns
    Source Clock Delay      (SCD):    1.476ns
    Clock Pessimism Removal (CPR):    0.502ns

    Location             Delay type                Incr(ns)  Path(ns)    Netlist Resource(s)
  -------------------------------------------------------------------    -------------------
                         (clock sys_clk_pin rise edge)
                                                      0.000     0.000 r  
    W5                                                0.000     0.000 r  clk (IN)
                         net (fo=0)                   0.000     0.000    clk
    W5                   IBUF (Prop_ibuf_I_O)         0.226     0.226 r  clk_IBUF_inst/O
                         net (fo=1, routed)           0.631     0.858    clk_IBUF
    BUFGCTRL_X0Y0        BUFG (Prop_bufg_I_O)         0.026     0.884 r  clk_IBUF_BUFG_inst/O
                         net (fo=62, routed)          0.593     1.476    U_SPI_Slave_Intf/CLK
    SLICE_X63Y53         FDCE                                         r  U_SPI_Slave_Intf/so_data_reg_reg[3]/C
  -------------------------------------------------------------------    -------------------
    SLICE_X63Y53         FDCE (Prop_fdce_C_Q)         0.141     1.617 r  U_SPI_Slave_Intf/so_data_reg_reg[3]/Q
                         net (fo=1, routed)           0.097     1.714    U_SPI_Slave_Intf/so_data_reg_reg_n_0_[3]
    SLICE_X62Y53         LUT6 (Prop_lut6_I2_O)        0.045     1.759 r  U_SPI_Slave_Intf/so_data_reg[4]_i_1/O
                         net (fo=1, routed)           0.000     1.759    U_SPI_Slave_Intf/so_data_next[4]
    SLICE_X62Y53         FDCE                                         r  U_SPI_Slave_Intf/so_data_reg_reg[4]/D
  -------------------------------------------------------------------    -------------------

                         (clock sys_clk_pin rise edge)
                                                      0.000     0.000 r  
    W5                                                0.000     0.000 r  clk (IN)
                         net (fo=0)                   0.000     0.000    clk
    W5                   IBUF (Prop_ibuf_I_O)         0.414     0.414 r  clk_IBUF_inst/O
                         net (fo=1, routed)           0.685     1.099    clk_IBUF
    BUFGCTRL_X0Y0        BUFG (Prop_bufg_I_O)         0.029     1.128 r  clk_IBUF_BUFG_inst/O
                         net (fo=62, routed)          0.863     1.991    U_SPI_Slave_Intf/CLK
    SLICE_X62Y53         FDCE                                         r  U_SPI_Slave_Intf/so_data_reg_reg[4]/C
                         clock pessimism             -0.502     1.489    
    SLICE_X62Y53         FDCE (Hold_fdce_C_D)         0.091     1.580    U_SPI_Slave_Intf/so_data_reg_reg[4]
  -------------------------------------------------------------------
                         required time                         -1.580    
                         arrival time                           1.759    
  -------------------------------------------------------------------
                         slack                                  0.179    

Slack (MET) :             0.199ns  (arrival time - required time)
  Source:                 U_SPI_Slave_Intf/si_data_reg_reg[3]/C
                            (rising edge-triggered cell FDCE clocked by sys_clk_pin  {rise@0.000ns fall@5.000ns period=10.000ns})
  Destination:            U_SPI_Slave_Intf/si_data_reg_reg[4]/D
                            (rising edge-triggered cell FDCE clocked by sys_clk_pin  {rise@0.000ns fall@5.000ns period=10.000ns})
  Path Group:             sys_clk_pin
  Path Type:              Hold (Min at Fast Process Corner)
  Requirement:            0.000ns  (sys_clk_pin rise@0.000ns - sys_clk_pin rise@0.000ns)
  Data Path Delay:        0.274ns  (logic 0.141ns (51.481%)  route 0.133ns (48.519%))
  Logic Levels:           0  
  Clock Path Skew:        0.000ns (DCD - SCD - CPR)
    Destination Clock Delay (DCD):    1.991ns
    Source Clock Delay      (SCD):    1.476ns
    Clock Pessimism Removal (CPR):    0.515ns

    Location             Delay type                Incr(ns)  Path(ns)    Netlist Resource(s)
  -------------------------------------------------------------------    -------------------
                         (clock sys_clk_pin rise edge)
                                                      0.000     0.000 r  
    W5                                                0.000     0.000 r  clk (IN)
                         net (fo=0)                   0.000     0.000    clk
    W5                   IBUF (Prop_ibuf_I_O)         0.226     0.226 r  clk_IBUF_inst/O
                         net (fo=1, routed)           0.631     0.858    clk_IBUF
    BUFGCTRL_X0Y0        BUFG (Prop_bufg_I_O)         0.026     0.884 r  clk_IBUF_BUFG_inst/O
                         net (fo=62, routed)          0.593     1.476    U_SPI_Slave_Intf/CLK
    SLICE_X62Y55         FDCE                                         r  U_SPI_Slave_Intf/si_data_reg_reg[3]/C
  -------------------------------------------------------------------    -------------------
    SLICE_X62Y55         FDCE (Prop_fdce_C_Q)         0.141     1.617 r  U_SPI_Slave_Intf/si_data_reg_reg[3]/Q
                         net (fo=5, routed)           0.133     1.750    U_SPI_Slave_Intf/si_data_reg_reg[7]_0[3]
    SLICE_X62Y55         FDCE                                         r  U_SPI_Slave_Intf/si_data_reg_reg[4]/D
  -------------------------------------------------------------------    -------------------

                         (clock sys_clk_pin rise edge)
                                                      0.000     0.000 r  
    W5                                                0.000     0.000 r  clk (IN)
                         net (fo=0)                   0.000     0.000    clk
    W5                   IBUF (Prop_ibuf_I_O)         0.414     0.414 r  clk_IBUF_inst/O
                         net (fo=1, routed)           0.685     1.099    clk_IBUF
    BUFGCTRL_X0Y0        BUFG (Prop_bufg_I_O)         0.029     1.128 r  clk_IBUF_BUFG_inst/O
                         net (fo=62, routed)          0.863     1.991    U_SPI_Slave_Intf/CLK
    SLICE_X62Y55         FDCE                                         r  U_SPI_Slave_Intf/si_data_reg_reg[4]/C
                         clock pessimism             -0.515     1.476    
    SLICE_X62Y55         FDCE (Hold_fdce_C_D)         0.075     1.551    U_SPI_Slave_Intf/si_data_reg_reg[4]
  -------------------------------------------------------------------
                         required time                         -1.551    
                         arrival time                           1.750    
  -------------------------------------------------------------------
                         slack                                  0.199    

Slack (MET) :             0.200ns  (arrival time - required time)
  Source:                 U_SPI_Slave_Reg/FSM_onehot_state_reg[0]/C
                            (rising edge-triggered cell FDPE clocked by sys_clk_pin  {rise@0.000ns fall@5.000ns period=10.000ns})
  Destination:            U_SPI_Slave_Reg/so_start_reg_reg/D
                            (rising edge-triggered cell FDCE clocked by sys_clk_pin  {rise@0.000ns fall@5.000ns period=10.000ns})
  Path Group:             sys_clk_pin
  Path Type:              Hold (Min at Fast Process Corner)
  Requirement:            0.000ns  (sys_clk_pin rise@0.000ns - sys_clk_pin rise@0.000ns)
  Data Path Delay:        0.330ns  (logic 0.186ns (56.337%)  route 0.144ns (43.663%))
  Logic Levels:           1  (LUT4=1)
  Clock Path Skew:        0.038ns (DCD - SCD - CPR)
    Destination Clock Delay (DCD):    1.991ns
    Source Clock Delay      (SCD):    1.475ns
    Clock Pessimism Removal (CPR):    0.478ns

    Location             Delay type                Incr(ns)  Path(ns)    Netlist Resource(s)
  -------------------------------------------------------------------    -------------------
                         (clock sys_clk_pin rise edge)
                                                      0.000     0.000 r  
    W5                                                0.000     0.000 r  clk (IN)
                         net (fo=0)                   0.000     0.000    clk
    W5                   IBUF (Prop_ibuf_I_O)         0.226     0.226 r  clk_IBUF_inst/O
                         net (fo=1, routed)           0.631     0.858    clk_IBUF
    BUFGCTRL_X0Y0        BUFG (Prop_bufg_I_O)         0.026     0.884 r  clk_IBUF_BUFG_inst/O
                         net (fo=62, routed)          0.592     1.475    U_SPI_Slave_Reg/CLK
    SLICE_X61Y56         FDPE                                         r  U_SPI_Slave_Reg/FSM_onehot_state_reg[0]/C
  -------------------------------------------------------------------    -------------------
    SLICE_X61Y56         FDPE (Prop_fdpe_C_Q)         0.141     1.616 r  U_SPI_Slave_Reg/FSM_onehot_state_reg[0]/Q
                         net (fo=5, routed)           0.144     1.760    U_SPI_Slave_Reg/FSM_onehot_state_reg_n_0_[0]
    SLICE_X63Y56         LUT4 (Prop_lut4_I2_O)        0.045     1.805 r  U_SPI_Slave_Reg/so_start_reg_i_1/O
                         net (fo=1, routed)           0.000     1.805    U_SPI_Slave_Reg/so_start_reg_i_1_n_0
    SLICE_X63Y56         FDCE                                         r  U_SPI_Slave_Reg/so_start_reg_reg/D
  -------------------------------------------------------------------    -------------------

                         (clock sys_clk_pin rise edge)
                                                      0.000     0.000 r  
    W5                                                0.000     0.000 r  clk (IN)
                         net (fo=0)                   0.000     0.000    clk
    W5                   IBUF (Prop_ibuf_I_O)         0.414     0.414 r  clk_IBUF_inst/O
                         net (fo=1, routed)           0.685     1.099    clk_IBUF
    BUFGCTRL_X0Y0        BUFG (Prop_bufg_I_O)         0.029     1.128 r  clk_IBUF_BUFG_inst/O
                         net (fo=62, routed)          0.863     1.991    U_SPI_Slave_Reg/CLK
    SLICE_X63Y56         FDCE                                         r  U_SPI_Slave_Reg/so_start_reg_reg/C
                         clock pessimism             -0.478     1.513    
    SLICE_X63Y56         FDCE (Hold_fdce_C_D)         0.092     1.605    U_SPI_Slave_Reg/so_start_reg_reg
  -------------------------------------------------------------------
                         required time                         -1.605    
                         arrival time                           1.805    
  -------------------------------------------------------------------
                         slack                                  0.200    

Slack (MET) :             0.201ns  (arrival time - required time)
  Source:                 U_SPI_Slave_Intf/si_state_reg/C
                            (rising edge-triggered cell FDCE clocked by sys_clk_pin  {rise@0.000ns fall@5.000ns period=10.000ns})
  Destination:            U_SPI_Slave_Intf/si_bit_cnt_reg_reg[1]/D
                            (rising edge-triggered cell FDCE clocked by sys_clk_pin  {rise@0.000ns fall@5.000ns period=10.000ns})
  Path Group:             sys_clk_pin
  Path Type:              Hold (Min at Fast Process Corner)
  Requirement:            0.000ns  (sys_clk_pin rise@0.000ns - sys_clk_pin rise@0.000ns)
  Data Path Delay:        0.305ns  (logic 0.209ns (68.479%)  route 0.096ns (31.521%))
  Logic Levels:           1  (LUT6=1)
  Clock Path Skew:        0.013ns (DCD - SCD - CPR)
    Destination Clock Delay (DCD):    1.991ns
    Source Clock Delay      (SCD):    1.476ns
    Clock Pessimism Removal (CPR):    0.502ns

    Location             Delay type                Incr(ns)  Path(ns)    Netlist Resource(s)
  -------------------------------------------------------------------    -------------------
                         (clock sys_clk_pin rise edge)
                                                      0.000     0.000 r  
    W5                                                0.000     0.000 r  clk (IN)
                         net (fo=0)                   0.000     0.000    clk
    W5                   IBUF (Prop_ibuf_I_O)         0.226     0.226 r  clk_IBUF_inst/O
                         net (fo=1, routed)           0.631     0.858    clk_IBUF
    BUFGCTRL_X0Y0        BUFG (Prop_bufg_I_O)         0.026     0.884 r  clk_IBUF_BUFG_inst/O
                         net (fo=62, routed)          0.593     1.476    U_SPI_Slave_Intf/CLK
    SLICE_X64Y56         FDCE                                         r  U_SPI_Slave_Intf/si_state_reg/C
  -------------------------------------------------------------------    -------------------
    SLICE_X64Y56         FDCE (Prop_fdce_C_Q)         0.164     1.640 r  U_SPI_Slave_Intf/si_state_reg/Q
                         net (fo=7, routed)           0.096     1.736    U_SPI_Slave_Intf/si_state
    SLICE_X65Y56         LUT6 (Prop_lut6_I2_O)        0.045     1.781 r  U_SPI_Slave_Intf/si_bit_cnt_reg[1]_i_1/O
                         net (fo=1, routed)           0.000     1.781    U_SPI_Slave_Intf/si_bit_cnt_reg[1]_i_1_n_0
    SLICE_X65Y56         FDCE                                         r  U_SPI_Slave_Intf/si_bit_cnt_reg_reg[1]/D
  -------------------------------------------------------------------    -------------------

                         (clock sys_clk_pin rise edge)
                                                      0.000     0.000 r  
    W5                                                0.000     0.000 r  clk (IN)
                         net (fo=0)                   0.000     0.000    clk
    W5                   IBUF (Prop_ibuf_I_O)         0.414     0.414 r  clk_IBUF_inst/O
                         net (fo=1, routed)           0.685     1.099    clk_IBUF
    BUFGCTRL_X0Y0        BUFG (Prop_bufg_I_O)         0.029     1.128 r  clk_IBUF_BUFG_inst/O
                         net (fo=62, routed)          0.863     1.991    U_SPI_Slave_Intf/CLK
    SLICE_X65Y56         FDCE                                         r  U_SPI_Slave_Intf/si_bit_cnt_reg_reg[1]/C
                         clock pessimism             -0.502     1.489    
    SLICE_X65Y56         FDCE (Hold_fdce_C_D)         0.091     1.580    U_SPI_Slave_Intf/si_bit_cnt_reg_reg[1]
  -------------------------------------------------------------------
                         required time                         -1.580    
                         arrival time                           1.781    
  -------------------------------------------------------------------
                         slack                                  0.201    

Slack (MET) :             0.224ns  (arrival time - required time)
  Source:                 U_SPI_Slave_Intf/so_bit_cnt_reg_reg[0]/C
                            (rising edge-triggered cell FDCE clocked by sys_clk_pin  {rise@0.000ns fall@5.000ns period=10.000ns})
  Destination:            U_SPI_Slave_Intf/so_bit_cnt_reg_reg[2]/D
                            (rising edge-triggered cell FDCE clocked by sys_clk_pin  {rise@0.000ns fall@5.000ns period=10.000ns})
  Path Group:             sys_clk_pin
  Path Type:              Hold (Min at Fast Process Corner)
  Requirement:            0.000ns  (sys_clk_pin rise@0.000ns - sys_clk_pin rise@0.000ns)
  Data Path Delay:        0.347ns  (logic 0.189ns (54.418%)  route 0.158ns (45.582%))
  Logic Levels:           1  (LUT4=1)
  Clock Path Skew:        0.016ns (DCD - SCD - CPR)
    Destination Clock Delay (DCD):    1.991ns
    Source Clock Delay      (SCD):    1.476ns
    Clock Pessimism Removal (CPR):    0.499ns

    Location             Delay type                Incr(ns)  Path(ns)    Netlist Resource(s)
  -------------------------------------------------------------------    -------------------
                         (clock sys_clk_pin rise edge)
                                                      0.000     0.000 r  
    W5                                                0.000     0.000 r  clk (IN)
                         net (fo=0)                   0.000     0.000    clk
    W5                   IBUF (Prop_ibuf_I_O)         0.226     0.226 r  clk_IBUF_inst/O
                         net (fo=1, routed)           0.631     0.858    clk_IBUF
    BUFGCTRL_X0Y0        BUFG (Prop_bufg_I_O)         0.026     0.884 r  clk_IBUF_BUFG_inst/O
                         net (fo=62, routed)          0.593     1.476    U_SPI_Slave_Intf/CLK
    SLICE_X63Y54         FDCE                                         r  U_SPI_Slave_Intf/so_bit_cnt_reg_reg[0]/C
  -------------------------------------------------------------------    -------------------
    SLICE_X63Y54         FDCE (Prop_fdce_C_Q)         0.141     1.617 r  U_SPI_Slave_Intf/so_bit_cnt_reg_reg[0]/Q
                         net (fo=4, routed)           0.158     1.776    U_SPI_Slave_Intf/so_bit_cnt_reg[0]
    SLICE_X63Y55         LUT4 (Prop_lut4_I2_O)        0.048     1.824 r  U_SPI_Slave_Intf/so_bit_cnt_reg[2]_i_2/O
                         net (fo=1, routed)           0.000     1.824    U_SPI_Slave_Intf/so_bit_cnt_reg[2]_i_2_n_0
    SLICE_X63Y55         FDCE                                         r  U_SPI_Slave_Intf/so_bit_cnt_reg_reg[2]/D
  -------------------------------------------------------------------    -------------------

                         (clock sys_clk_pin rise edge)
                                                      0.000     0.000 r  
    W5                                                0.000     0.000 r  clk (IN)
                         net (fo=0)                   0.000     0.000    clk
    W5                   IBUF (Prop_ibuf_I_O)         0.414     0.414 r  clk_IBUF_inst/O
                         net (fo=1, routed)           0.685     1.099    clk_IBUF
    BUFGCTRL_X0Y0        BUFG (Prop_bufg_I_O)         0.029     1.128 r  clk_IBUF_BUFG_inst/O
                         net (fo=62, routed)          0.863     1.991    U_SPI_Slave_Intf/CLK
    SLICE_X63Y55         FDCE                                         r  U_SPI_Slave_Intf/so_bit_cnt_reg_reg[2]/C
                         clock pessimism             -0.499     1.492    
    SLICE_X63Y55         FDCE (Hold_fdce_C_D)         0.107     1.599    U_SPI_Slave_Intf/so_bit_cnt_reg_reg[2]
  -------------------------------------------------------------------
                         required time                         -1.599    
                         arrival time                           1.824    
  -------------------------------------------------------------------
                         slack                                  0.224    

Slack (MET) :             0.227ns  (arrival time - required time)
  Source:                 U_SPI_Slave_Intf/sclk_sync1_reg/C
                            (rising edge-triggered cell FDRE clocked by sys_clk_pin  {rise@0.000ns fall@5.000ns period=10.000ns})
  Destination:            U_SPI_Slave_Intf/si_done_reg_reg/D
                            (rising edge-triggered cell FDCE clocked by sys_clk_pin  {rise@0.000ns fall@5.000ns period=10.000ns})
  Path Group:             sys_clk_pin
  Path Type:              Hold (Min at Fast Process Corner)
  Requirement:            0.000ns  (sys_clk_pin rise@0.000ns - sys_clk_pin rise@0.000ns)
  Data Path Delay:        0.365ns  (logic 0.209ns (57.247%)  route 0.156ns (42.753%))
  Logic Levels:           1  (LUT6=1)
  Clock Path Skew:        0.017ns (DCD - SCD - CPR)
    Destination Clock Delay (DCD):    1.991ns
    Source Clock Delay      (SCD):    1.475ns
    Clock Pessimism Removal (CPR):    0.499ns

    Location             Delay type                Incr(ns)  Path(ns)    Netlist Resource(s)
  -------------------------------------------------------------------    -------------------
                         (clock sys_clk_pin rise edge)
                                                      0.000     0.000 r  
    W5                                                0.000     0.000 r  clk (IN)
                         net (fo=0)                   0.000     0.000    clk
    W5                   IBUF (Prop_ibuf_I_O)         0.226     0.226 r  clk_IBUF_inst/O
                         net (fo=1, routed)           0.631     0.858    clk_IBUF
    BUFGCTRL_X0Y0        BUFG (Prop_bufg_I_O)         0.026     0.884 r  clk_IBUF_BUFG_inst/O
                         net (fo=62, routed)          0.592     1.475    U_SPI_Slave_Intf/CLK
    SLICE_X64Y57         FDRE                                         r  U_SPI_Slave_Intf/sclk_sync1_reg/C
  -------------------------------------------------------------------    -------------------
    SLICE_X64Y57         FDRE (Prop_fdre_C_Q)         0.164     1.639 f  U_SPI_Slave_Intf/sclk_sync1_reg/Q
                         net (fo=9, routed)           0.156     1.795    U_SPI_Slave_Intf/sclk_sync1
    SLICE_X64Y56         LUT6 (Prop_lut6_I3_O)        0.045     1.840 r  U_SPI_Slave_Intf/si_done_reg_i_1/O
                         net (fo=1, routed)           0.000     1.840    U_SPI_Slave_Intf/si_done_next
    SLICE_X64Y56         FDCE                                         r  U_SPI_Slave_Intf/si_done_reg_reg/D
  -------------------------------------------------------------------    -------------------

                         (clock sys_clk_pin rise edge)
                                                      0.000     0.000 r  
    W5                                                0.000     0.000 r  clk (IN)
                         net (fo=0)                   0.000     0.000    clk
    W5                   IBUF (Prop_ibuf_I_O)         0.414     0.414 r  clk_IBUF_inst/O
                         net (fo=1, routed)           0.685     1.099    clk_IBUF
    BUFGCTRL_X0Y0        BUFG (Prop_bufg_I_O)         0.029     1.128 r  clk_IBUF_BUFG_inst/O
                         net (fo=62, routed)          0.863     1.991    U_SPI_Slave_Intf/CLK
    SLICE_X64Y56         FDCE                                         r  U_SPI_Slave_Intf/si_done_reg_reg/C
                         clock pessimism             -0.499     1.492    
    SLICE_X64Y56         FDCE (Hold_fdce_C_D)         0.121     1.613    U_SPI_Slave_Intf/si_done_reg_reg
  -------------------------------------------------------------------
                         required time                         -1.613    
                         arrival time                           1.840    
  -------------------------------------------------------------------
                         slack                                  0.227    

Slack (MET) :             0.230ns  (arrival time - required time)
  Source:                 U_SPI_Slave_Intf/sclk_sync1_reg/C
                            (rising edge-triggered cell FDRE clocked by sys_clk_pin  {rise@0.000ns fall@5.000ns period=10.000ns})
  Destination:            U_SPI_Slave_Intf/si_bit_cnt_reg_reg[2]/D
                            (rising edge-triggered cell FDCE clocked by sys_clk_pin  {rise@0.000ns fall@5.000ns period=10.000ns})
  Path Group:             sys_clk_pin
  Path Type:              Hold (Min at Fast Process Corner)
  Requirement:            0.000ns  (sys_clk_pin rise@0.000ns - sys_clk_pin rise@0.000ns)
  Data Path Delay:        0.367ns  (logic 0.209ns (56.935%)  route 0.158ns (43.065%))
  Logic Levels:           1  (LUT6=1)
  Clock Path Skew:        0.017ns (DCD - SCD - CPR)
    Destination Clock Delay (DCD):    1.991ns
    Source Clock Delay      (SCD):    1.475ns
    Clock Pessimism Removal (CPR):    0.499ns

    Location             Delay type                Incr(ns)  Path(ns)    Netlist Resource(s)
  -------------------------------------------------------------------    -------------------
                         (clock sys_clk_pin rise edge)
                                                      0.000     0.000 r  
    W5                                                0.000     0.000 r  clk (IN)
                         net (fo=0)                   0.000     0.000    clk
    W5                   IBUF (Prop_ibuf_I_O)         0.226     0.226 r  clk_IBUF_inst/O
                         net (fo=1, routed)           0.631     0.858    clk_IBUF
    BUFGCTRL_X0Y0        BUFG (Prop_bufg_I_O)         0.026     0.884 r  clk_IBUF_BUFG_inst/O
                         net (fo=62, routed)          0.592     1.475    U_SPI_Slave_Intf/CLK
    SLICE_X64Y57         FDRE                                         r  U_SPI_Slave_Intf/sclk_sync1_reg/C
  -------------------------------------------------------------------    -------------------
    SLICE_X64Y57         FDRE (Prop_fdre_C_Q)         0.164     1.639 r  U_SPI_Slave_Intf/sclk_sync1_reg/Q
                         net (fo=9, routed)           0.158     1.797    U_SPI_Slave_Intf/sclk_sync1
    SLICE_X64Y56         LUT6 (Prop_lut6_I1_O)        0.045     1.842 r  U_SPI_Slave_Intf/si_bit_cnt_reg[2]_i_1/O
                         net (fo=1, routed)           0.000     1.842    U_SPI_Slave_Intf/si_bit_cnt_reg[2]_i_1_n_0
    SLICE_X64Y56         FDCE                                         r  U_SPI_Slave_Intf/si_bit_cnt_reg_reg[2]/D
  -------------------------------------------------------------------    -------------------

                         (clock sys_clk_pin rise edge)
                                                      0.000     0.000 r  
    W5                                                0.000     0.000 r  clk (IN)
                         net (fo=0)                   0.000     0.000    clk
    W5                   IBUF (Prop_ibuf_I_O)         0.414     0.414 r  clk_IBUF_inst/O
                         net (fo=1, routed)           0.685     1.099    clk_IBUF
    BUFGCTRL_X0Y0        BUFG (Prop_bufg_I_O)         0.029     1.128 r  clk_IBUF_BUFG_inst/O
                         net (fo=62, routed)          0.863     1.991    U_SPI_Slave_Intf/CLK
    SLICE_X64Y56         FDCE                                         r  U_SPI_Slave_Intf/si_bit_cnt_reg_reg[2]/C
                         clock pessimism             -0.499     1.492    
    SLICE_X64Y56         FDCE (Hold_fdce_C_D)         0.120     1.612    U_SPI_Slave_Intf/si_bit_cnt_reg_reg[2]
  -------------------------------------------------------------------
                         required time                         -1.612    
                         arrival time                           1.842    
  -------------------------------------------------------------------
                         slack                                  0.230    

Slack (MET) :             0.237ns  (arrival time - required time)
  Source:                 U_SPI_Slave_Intf/so_bit_cnt_reg_reg[0]/C
                            (rising edge-triggered cell FDCE clocked by sys_clk_pin  {rise@0.000ns fall@5.000ns period=10.000ns})
  Destination:            U_SPI_Slave_Intf/so_bit_cnt_reg_reg[1]/D
                            (rising edge-triggered cell FDCE clocked by sys_clk_pin  {rise@0.000ns fall@5.000ns period=10.000ns})
  Path Group:             sys_clk_pin
  Path Type:              Hold (Min at Fast Process Corner)
  Requirement:            0.000ns  (sys_clk_pin rise@0.000ns - sys_clk_pin rise@0.000ns)
  Data Path Delay:        0.344ns  (logic 0.186ns (54.021%)  route 0.158ns (45.980%))
  Logic Levels:           1  (LUT3=1)
  Clock Path Skew:        0.016ns (DCD - SCD - CPR)
    Destination Clock Delay (DCD):    1.991ns
    Source Clock Delay      (SCD):    1.476ns
    Clock Pessimism Removal (CPR):    0.499ns

    Location             Delay type                Incr(ns)  Path(ns)    Netlist Resource(s)
  -------------------------------------------------------------------    -------------------
                         (clock sys_clk_pin rise edge)
                                                      0.000     0.000 r  
    W5                                                0.000     0.000 r  clk (IN)
                         net (fo=0)                   0.000     0.000    clk
    W5                   IBUF (Prop_ibuf_I_O)         0.226     0.226 r  clk_IBUF_inst/O
                         net (fo=1, routed)           0.631     0.858    clk_IBUF
    BUFGCTRL_X0Y0        BUFG (Prop_bufg_I_O)         0.026     0.884 r  clk_IBUF_BUFG_inst/O
                         net (fo=62, routed)          0.593     1.476    U_SPI_Slave_Intf/CLK
    SLICE_X63Y54         FDCE                                         r  U_SPI_Slave_Intf/so_bit_cnt_reg_reg[0]/C
  -------------------------------------------------------------------    -------------------
    SLICE_X63Y54         FDCE (Prop_fdce_C_Q)         0.141     1.617 r  U_SPI_Slave_Intf/so_bit_cnt_reg_reg[0]/Q
                         net (fo=4, routed)           0.158     1.776    U_SPI_Slave_Intf/so_bit_cnt_reg[0]
    SLICE_X63Y55         LUT3 (Prop_lut3_I1_O)        0.045     1.821 r  U_SPI_Slave_Intf/so_bit_cnt_reg[1]_i_1/O
                         net (fo=1, routed)           0.000     1.821    U_SPI_Slave_Intf/so_bit_cnt_reg[1]_i_1_n_0
    SLICE_X63Y55         FDCE                                         r  U_SPI_Slave_Intf/so_bit_cnt_reg_reg[1]/D
  -------------------------------------------------------------------    -------------------

                         (clock sys_clk_pin rise edge)
                                                      0.000     0.000 r  
    W5                                                0.000     0.000 r  clk (IN)
                         net (fo=0)                   0.000     0.000    clk
    W5                   IBUF (Prop_ibuf_I_O)         0.414     0.414 r  clk_IBUF_inst/O
                         net (fo=1, routed)           0.685     1.099    clk_IBUF
    BUFGCTRL_X0Y0        BUFG (Prop_bufg_I_O)         0.029     1.128 r  clk_IBUF_BUFG_inst/O
                         net (fo=62, routed)          0.863     1.991    U_SPI_Slave_Intf/CLK
    SLICE_X63Y55         FDCE                                         r  U_SPI_Slave_Intf/so_bit_cnt_reg_reg[1]/C
                         clock pessimism             -0.499     1.492    
    SLICE_X63Y55         FDCE (Hold_fdce_C_D)         0.091     1.583    U_SPI_Slave_Intf/so_bit_cnt_reg_reg[1]
  -------------------------------------------------------------------
                         required time                         -1.583    
                         arrival time                           1.821    
  -------------------------------------------------------------------
                         slack                                  0.237    

Slack (MET) :             0.246ns  (arrival time - required time)
  Source:                 U_SPI_Slave_Intf/sclk_sync0_reg/C
                            (rising edge-triggered cell FDRE clocked by sys_clk_pin  {rise@0.000ns fall@5.000ns period=10.000ns})
  Destination:            U_SPI_Slave_Intf/so_done_reg_reg/D
                            (rising edge-triggered cell FDCE clocked by sys_clk_pin  {rise@0.000ns fall@5.000ns period=10.000ns})
  Path Group:             sys_clk_pin
  Path Type:              Hold (Min at Fast Process Corner)
  Requirement:            0.000ns  (sys_clk_pin rise@0.000ns - sys_clk_pin rise@0.000ns)
  Data Path Delay:        0.354ns  (logic 0.186ns (52.578%)  route 0.168ns (47.422%))
  Logic Levels:           1  (LUT6=1)
  Clock Path Skew:        0.017ns (DCD - SCD - CPR)
    Destination Clock Delay (DCD):    1.991ns
    Source Clock Delay      (SCD):    1.475ns
    Clock Pessimism Removal (CPR):    0.499ns

    Location             Delay type                Incr(ns)  Path(ns)    Netlist Resource(s)
  -------------------------------------------------------------------    -------------------
                         (clock sys_clk_pin rise edge)
                                                      0.000     0.000 r  
    W5                                                0.000     0.000 r  clk (IN)
                         net (fo=0)                   0.000     0.000    clk
    W5                   IBUF (Prop_ibuf_I_O)         0.226     0.226 r  clk_IBUF_inst/O
                         net (fo=1, routed)           0.631     0.858    clk_IBUF
    BUFGCTRL_X0Y0        BUFG (Prop_bufg_I_O)         0.026     0.884 r  clk_IBUF_BUFG_inst/O
                         net (fo=62, routed)          0.592     1.475    U_SPI_Slave_Intf/CLK
    SLICE_X65Y57         FDRE                                         r  U_SPI_Slave_Intf/sclk_sync0_reg/C
  -------------------------------------------------------------------    -------------------
    SLICE_X65Y57         FDRE (Prop_fdre_C_Q)         0.141     1.616 f  U_SPI_Slave_Intf/sclk_sync0_reg/Q
                         net (fo=10, routed)          0.168     1.784    U_SPI_Slave_Intf/sclk_sync0
    SLICE_X63Y56         LUT6 (Prop_lut6_I0_O)        0.045     1.829 r  U_SPI_Slave_Intf/so_done_reg_i_1/O
                         net (fo=1, routed)           0.000     1.829    U_SPI_Slave_Intf/so_done_reg_i_1_n_0
    SLICE_X63Y56         FDCE                                         r  U_SPI_Slave_Intf/so_done_reg_reg/D
  -------------------------------------------------------------------    -------------------

                         (clock sys_clk_pin rise edge)
                                                      0.000     0.000 r  
    W5                                                0.000     0.000 r  clk (IN)
                         net (fo=0)                   0.000     0.000    clk
    W5                   IBUF (Prop_ibuf_I_O)         0.414     0.414 r  clk_IBUF_inst/O
                         net (fo=1, routed)           0.685     1.099    clk_IBUF
    BUFGCTRL_X0Y0        BUFG (Prop_bufg_I_O)         0.029     1.128 r  clk_IBUF_BUFG_inst/O
                         net (fo=62, routed)          0.863     1.991    U_SPI_Slave_Intf/CLK
    SLICE_X63Y56         FDCE                                         r  U_SPI_Slave_Intf/so_done_reg_reg/C
                         clock pessimism             -0.499     1.492    
    SLICE_X63Y56         FDCE (Hold_fdce_C_D)         0.091     1.583    U_SPI_Slave_Intf/so_done_reg_reg
  -------------------------------------------------------------------
                         required time                         -1.583    
                         arrival time                           1.829    
  -------------------------------------------------------------------
                         slack                                  0.246    





Pulse Width Checks
--------------------------------------------------------------------------------------
Clock Name:         sys_clk_pin
Waveform(ns):       { 0.000 5.000 }
Period(ns):         10.000
Sources:            { clk }

Check Type        Corner  Lib Pin  Reference Pin  Required(ns)  Actual(ns)  Slack(ns)  Location       Pin
Min Period        n/a     BUFG/I   n/a            2.155         10.000      7.845      BUFGCTRL_X0Y0  clk_IBUF_BUFG_inst/I
Min Period        n/a     FDRE/C   n/a            1.000         10.000      9.000      SLICE_X65Y57   U_SPI_Slave_Intf/sclk_sync0_reg/C
Min Period        n/a     FDRE/C   n/a            1.000         10.000      9.000      SLICE_X64Y57   U_SPI_Slave_Intf/sclk_sync1_reg/C
Min Period        n/a     FDCE/C   n/a            1.000         10.000      9.000      SLICE_X65Y56   U_SPI_Slave_Intf/si_bit_cnt_reg_reg[0]/C
Min Period        n/a     FDCE/C   n/a            1.000         10.000      9.000      SLICE_X65Y56   U_SPI_Slave_Intf/si_bit_cnt_reg_reg[1]/C
Min Period        n/a     FDCE/C   n/a            1.000         10.000      9.000      SLICE_X64Y56   U_SPI_Slave_Intf/si_bit_cnt_reg_reg[2]/C
Min Period        n/a     FDCE/C   n/a            1.000         10.000      9.000      SLICE_X62Y55   U_SPI_Slave_Intf/si_data_reg_reg[0]/C
Min Period        n/a     FDCE/C   n/a            1.000         10.000      9.000      SLICE_X62Y55   U_SPI_Slave_Intf/si_data_reg_reg[1]/C
Min Period        n/a     FDCE/C   n/a            1.000         10.000      9.000      SLICE_X62Y55   U_SPI_Slave_Intf/si_data_reg_reg[2]/C
Min Period        n/a     FDCE/C   n/a            1.000         10.000      9.000      SLICE_X62Y55   U_SPI_Slave_Intf/si_data_reg_reg[3]/C
Low Pulse Width   Fast    FDRE/C   n/a            0.500         5.000       4.500      SLICE_X65Y57   U_SPI_Slave_Intf/sclk_sync0_reg/C
Low Pulse Width   Fast    FDRE/C   n/a            0.500         5.000       4.500      SLICE_X64Y57   U_SPI_Slave_Intf/sclk_sync1_reg/C
Low Pulse Width   Slow    FDCE/C   n/a            0.500         5.000       4.500      SLICE_X59Y51   U_fnd_ctrl/U_clk_div_1khz/div_counter_reg[0]/C
Low Pulse Width   Slow    FDCE/C   n/a            0.500         5.000       4.500      SLICE_X59Y52   U_fnd_ctrl/U_clk_div_1khz/div_counter_reg[16]/C
Low Pulse Width   Slow    FDCE/C   n/a            0.500         5.000       4.500      SLICE_X59Y51   U_fnd_ctrl/U_clk_div_1khz/div_counter_reg[1]/C
Low Pulse Width   Slow    FDCE/C   n/a            0.500         5.000       4.500      SLICE_X59Y51   U_fnd_ctrl/U_clk_div_1khz/div_counter_reg[2]/C
Low Pulse Width   Slow    FDCE/C   n/a            0.500         5.000       4.500      SLICE_X61Y51   U_fnd_ctrl/U_clk_div_1khz/div_counter_reg[3]/C
Low Pulse Width   Slow    FDCE/C   n/a            0.500         5.000       4.500      SLICE_X61Y51   U_fnd_ctrl/U_clk_div_1khz/div_counter_reg[4]/C
Low Pulse Width   Slow    FDCE/C   n/a            0.500         5.000       4.500      SLICE_X61Y52   U_fnd_ctrl/U_clk_div_1khz/div_counter_reg[5]/C
Low Pulse Width   Slow    FDCE/C   n/a            0.500         5.000       4.500      SLICE_X61Y51   U_fnd_ctrl/U_clk_div_1khz/div_counter_reg[6]/C
High Pulse Width  Slow    FDRE/C   n/a            0.500         5.000       4.500      SLICE_X65Y57   U_SPI_Slave_Intf/sclk_sync0_reg/C
High Pulse Width  Slow    FDRE/C   n/a            0.500         5.000       4.500      SLICE_X64Y57   U_SPI_Slave_Intf/sclk_sync1_reg/C
High Pulse Width  Slow    FDCE/C   n/a            0.500         5.000       4.500      SLICE_X65Y56   U_SPI_Slave_Intf/si_bit_cnt_reg_reg[0]/C
High Pulse Width  Slow    FDCE/C   n/a            0.500         5.000       4.500      SLICE_X65Y56   U_SPI_Slave_Intf/si_bit_cnt_reg_reg[1]/C
High Pulse Width  Slow    FDCE/C   n/a            0.500         5.000       4.500      SLICE_X64Y56   U_SPI_Slave_Intf/si_bit_cnt_reg_reg[2]/C
High Pulse Width  Slow    FDCE/C   n/a            0.500         5.000       4.500      SLICE_X62Y55   U_SPI_Slave_Intf/si_data_reg_reg[0]/C
High Pulse Width  Slow    FDCE/C   n/a            0.500         5.000       4.500      SLICE_X62Y55   U_SPI_Slave_Intf/si_data_reg_reg[1]/C
High Pulse Width  Slow    FDCE/C   n/a            0.500         5.000       4.500      SLICE_X62Y55   U_SPI_Slave_Intf/si_data_reg_reg[2]/C
High Pulse Width  Slow    FDCE/C   n/a            0.500         5.000       4.500      SLICE_X62Y55   U_SPI_Slave_Intf/si_data_reg_reg[3]/C
High Pulse Width  Slow    FDCE/C   n/a            0.500         5.000       4.500      SLICE_X62Y55   U_SPI_Slave_Intf/si_data_reg_reg[4]/C



